month,date,entry_time,exit_time,direction,setup,entry,sl,target,exit,exit_reason,result,risk_points,points,r
2024-07,2024-07-01,12:05,14:05,CE,SMART_ZONE_RETEST_CONFIRMATION,24114.5,24088.26,24174.0,24127.62,PROFIT_LOCK_HIT,WIN,26.24,13.12,0.5
2024-07,2024-07-02,12:15,13:00,PE,SMART_ZONE_TREND_CONTINUATION,24138.0,24170.56,24052.14,24056.43,NEAR_TARGET_EXIT,WIN,32.56,81.57,2.505
2024-07,2024-07-04,12:50,15:05,CE,SMART_ZONE_SUPPORT_REACTION_CONFIRMATION,24354.6,24296.22,24500.0,24296.22,SL_HIT,LOSS,58.38,-58.38,-1.0
2024-07,2024-07-05,11:40,14:20,CE,SMART_ZONE_TREND_CONTINUATION,24272.4,24230.9,24400.0,24230.9,SL_HIT,LOSS,41.5,-41.5,-1.0
2024-07,2024-07-09,11:20,15:15,CE,SMART_ZONE_TREND_CONTINUATION,24388.5,24338.99,24500.0,24441.75,TIME_EXIT,WIN,49.51,53.25,1.076
2024-07,2024-07-10,09:50,10:35,PE,SMART_ZONE_RESISTANCE_REJECTION_CONFIRMATION,24387.85,24455.98,24200.0,24200.0,TARGET_HIT,WIN,68.13,187.85,2.757
2024-07,2024-07-11,12:45,15:15,CE,SMART_ZONE_SUPPORT_REACTION_CONFIRMATION,24286.75,24230.81,24400.0,24328.05,TIME_EXIT,WIN,55.94,41.3,0.738
2024-07,2024-07-12,13:30,15:00,CE,SMART_ZONE_BREAK_CONFIRMATION,24546.0,24495.58,24700.0,24495.58,SL_HIT,LOSS,50.42,-50.42,-1.0
2024-07,2024-07-15,10:20,14:10,CE,SMART_ZONE_SUPPORT_REACTION_CONFIRMATION,24576.65,24526.89,24700.0,24601.53,PROFIT_LOCK_HIT,WIN,49.76,24.88,0.5
2024-07,2024-07-16,10:45,14:30,CE,SMART_ZONE_TREND_CONTINUATION,24657.2,24600.72,24800.0,24600.72,SL_HIT,LOSS,56.48,-56.48,-1.0
2024-07,2024-07-18,12:20,14:00,CE,SMART_ZONE_SUPPORT_REACTION_CONFIRMATION,24611.4,24540.62,24800.0,24800.0,TARGET_HIT,WIN,70.78,188.6,2.665
2024-07,2024-07-19,10:50,13:35,PE,SMART_ZONE_BREAK_CONFIRMATION,24673.45,24734.88,24566.94,24642.74,PROFIT_LOCK_HIT,WIN,61.43,30.71,0.5
2024-07,2024-07-23,13:00,13:05,PE,SMART_ZONE_RETEST_CONFIRMATION,24353.5,24392.41,24200.0,24392.41,SL_HIT,LOSS,38.91,-38.91,-1.0
2024-07,2024-07-24,10:55,11:25,CE,SMART_ZONE_TREND_CONTINUATION,24492.1,24412.85,24700.0,24412.85,SL_HIT,LOSS,79.25,-79.25,-1.0
2024-07,2024-07-25,11:40,15:15,CE,SMART_ZONE_TREND_CONTINUATION,24336.25,24256.98,24500.0,24398.5,TIME_EXIT,WIN,79.27,62.25,0.785
2024-07,2024-07-26,12:45,13:55,CE,SMART_ZONE_TREND_CONTINUATION,24718.65,24632.2,24900.0,24761.88,PROFIT_LOCK_HIT,WIN,86.45,43.23,0.5
2024-07,2024-07-30,10:45,11:50,CE,SMART_ZONE_BREAK_CONFIRMATION,24898.2,24849.94,24973.05,24922.33,PROFIT_LOCK_HIT,WIN,48.26,24.13,0.5
2024-07,2024-07-30,13:45,15:10,CE,SMART_ZONE_BREAK_CONFIRMATION,24917.75,24847.0,25100.0,24847.0,SL_HIT,LOSS,70.75,-70.75,-1.0
2024-07,2024-07-31,10:10,15:15,CE,SMART_ZONE_BREAK_CONFIRMATION,24935.2,24859.27,25100.0,24953.6,TIME_EXIT,WIN,75.93,18.4,0.242
2024-08,2024-08-02,11:10,15:15,PE,SMART_ZONE_RESISTANCE_REJECTION_CONFIRMATION,24788.4,24859.31,24600.0,24723.1,TIME_EXIT,WIN,70.91,65.3,0.921
2024-08,2024-08-06,13:45,14:20,PE,SMART_ZONE_BREAK_CONFIRMATION,24079.45,24167.26,23900.0,24035.55,PROFIT_LOCK_HIT,WIN,87.81,43.9,0.5
2024-08,2024-08-08,12:15,12:55,CE,SMART_ZONE_TREND_CONTINUATION,24306.6,24225.81,24500.0,24225.81,SL_HIT,LOSS,80.79,-80.79,-1.0
2024-08,2024-08-08,13:10,15:15,PE,SMART_ZONE_BREAK_CONFIRMATION,24153.4,24240.13,24000.0,24090.45,TIME_EXIT,WIN,86.73,62.95,0.726
2024-08,2024-08-09,11:20,15:15,CE,SMART_ZONE_RETEST_CONFIRMATION,24348.55,24296.59,24500.0,24363.5,TIME_EXIT,WIN,51.96,14.95,0.288
2024-08,2024-08-13,10:45,10:45,PE,SMART_ZONE_TREND_CONTINUATION,24296.85,24310.98,24212.1,24310.98,SL_HIT,LOSS,14.13,-14.13,-1.0
2024-08,2024-08-13,13:00,15:15,PE,SMART_ZONE_BREAK_CONFIRMATION,24234.3,24301.34,24100.0,24131.9,TIME_EXIT,WIN,67.04,102.4,1.527
2024-08,2024-08-14,11:20,12:50,PE,SMART_ZONE_TREND_CONTINUATION,24130.1,24180.12,24000.0,24180.12,SL_HIT,LOSS,50.02,-50.02,-1.0
2024-08,2024-08-16,09:35,09:50,CE,SMART_ZONE_BREAK_CONFIRMATION,24391.65,24313.12,24600.0,24313.12,SL_HIT,LOSS,78.53,-78.53,-1.0
2024-08,2024-08-16,12:00,13:45,CE,SMART_ZONE_RETEST_CONFIRMATION,24385.85,24311.19,24500.0,24494.29,NEAR_TARGET_EXIT,WIN,74.66,108.44,1.452
2024-08,2024-08-20,09:50,15:15,CE,SMART_ZONE_SUPPORT_REACTION_CONFIRMATION,24688.0,24601.51,24900.0,24702.8,TIME_EXIT,WIN,86.49,14.8,0.171
2024-08,2024-08-23,09:40,11:20,PE,SMART_ZONE_RESISTANCE_REJECTION_CONFIRMATION,24777.8,24852.22,24600.0,24852.22,SL_HIT,LOSS,74.42,-74.42,-1.0
2024-08,2024-08-26,11:40,15:15,CE,SMART_ZONE_SUPPORT_REACTION_CONFIRMATION,25017.45,24960.02,25200.0,25014.0,TIME_EXIT,LOSS,57.43,-3.45,-0.06
2024-08,2024-08-27,10:00,15:15,CE,SMART_ZONE_SUPPORT_REACTION_CONFIRMATION,25028.1,24960.96,25200.0,25017.7,TIME_EXIT,LOSS,67.14,-10.4,-0.155
2024-08,2024-08-28,11:20,14:35,CE,SMART_ZONE_SUPPORT_REACTION_CONFIRMATION,25065.65,25005.5,25200.0,25095.73,PROFIT_LOCK_HIT,WIN,60.15,30.08,0.5
2024-08,2024-08-29,11:55,12:25,PE,SMART_ZONE_TREND_CONTINUATION,25075.55,25122.58,25000.0,25122.58,SL_HIT,LOSS,47.03,-47.03,-1.0
2024-08,2024-08-30,11:20,15:15,CE,SMART_ZONE_SUPPORT_REACTION_CONFIRMATION,25242.85,25194.36,25400.0,25243.1,TIME_EXIT,WIN,48.49,0.25,0.005
2024-09,2024-09-02,12:00,13:10,PE,SMART_ZONE_RESISTANCE_REJECTION_CONFIRMATION,25287.75,25329.47,25200.0,25266.89,PROFIT_LOCK_HIT,WIN,41.72,20.86,0.5
2024-09,2024-09-02,13:25,14:00,PE,SMART_ZONE_TREND_CONTINUATION,25256.2,25273.16,25200.0,25273.16,SL_HIT,LOSS,16.96,-16.96,-1.0
2024-09,2024-09-03,13:20,13:55,CE,SMART_ZONE_BREAK_CONFIRMATION,25289.2,25257.1,25400.0,25257.1,SL_HIT,LOSS,32.1,-32.1,-1.0
2024-09,2024-09-09,12:10,13:20,PE,SMART_ZONE_TREND_CONTINUATION,24849.65,24899.84,24754.3,24899.84,SL_HIT,LOSS,50.19,-50.19,-1.0
2024-09,2024-09-09,13:50,15:15,PE,SMART_ZONE_RESISTANCE_REJECTION_CONFIRMATION,24893.95,24957.51,24754.3,24938.75,TIME_EXIT,LOSS,63.56,-44.8,-0.705
2024-09,2024-09-10,10:25,13:05,CE,SMART_ZONE_SUPPORT_REACTION_CONFIRMATION,24934.55,24873.14,25100.0,25091.73,NEAR_TARGET_EXIT,WIN,61.41,157.18,2.56
2024-09,2024-09-10,13:15,15:00,CE,SMART_ZONE_BREAK_CONFIRMATION,25098.55,25028.65,25300.0,25028.65,SL_HIT,LOSS,69.9,-69.9,-1.0
2024-09,2024-09-11,10:15,14:00,CE,SMART_ZONE_SUPPORT_REACTION_CONFIRMATION,25055.95,24974.32,25200.0,24974.32,SL_HIT,LOSS,81.63,-81.63,-1.0
2024-09,2024-09-12,10:00,14:00,PE,SMART_ZONE_RESISTANCE_REJECTION_CONFIRMATION,24992.4,25050.4,24900.0,25050.4,SL_HIT,LOSS,58.0,-58.0,-1.0
2024-09,2024-09-16,11:45,15:15,PE,SMART_ZONE_TREND_CONTINUATION,25366.35,25438.29,25218.96,25390.3,TIME_EXIT,LOSS,71.94,-23.95,-0.333
2024-09,2024-09-17,10:40,15:15,CE,SMART_ZONE_SUPPORT_REACTION_CONFIRMATION,25393.05,25340.78,25500.0,25417.65,TIME_EXIT,WIN,52.27,24.6,0.471
2024-09,2024-09-19,11:30,12:00,PE,SMART_ZONE_TREND_CONTINUATION,25440.05,25483.28,25358.18,25418.43,PROFIT_LOCK_HIT,WIN,43.23,21.62,0.5
2024-09,2024-09-19,12:15,13:20,PE,SMART_ZONE_TREND_CONTINUATION,25442.6,25484.36,25358.18,25421.72,PROFIT_LOCK_HIT,WIN,41.76,20.88,0.5
2024-09,2024-09-25,10:30,15:00,PE,SMART_ZONE_RESISTANCE_REJECTION_CONFIRMATION,25909.1,25960.32,25800.0,25960.32,SL_HIT,LOSS,51.22,-51.22,-1.0
2024-09,2024-09-27,09:55,12:50,CE,SMART_ZONE_BREAK_CONFIRMATION,26265.85,26206.48,26400.0,26206.48,SL_HIT,LOSS,59.37,-59.37,-1.0
2024-09,2024-09-27,13:00,15:15,PE,SMART_ZONE_RESISTANCE_REJECTION_CONFIRMATION,26189.2,26255.66,26000.0,26183.6,TIME_EXIT,WIN,66.46,5.6,0.084
2024-09,2024-09-30,10:55,14:20,PE,SMART_ZONE_RESISTANCE_REJECTION_CONFIRMATION,25953.6,26026.63,25800.0,25807.68,NEAR_TARGET_EXIT,WIN,73.03,145.92,1.998
2024-10,2024-10-01,10:45,11:55,PE,SMART_ZONE_BREAK_CONFIRMATION,25759.35,25818.48,25600.0,25818.48,SL_HIT,LOSS,59.13,-59.13,-1.0
2024-10,2024-10-08,10:40,14:40,CE,SMART_ZONE_BREAK_CONFIRMATION,24932.15,24846.1,25100.0,24975.18,PROFIT_LOCK_HIT,WIN,86.05,43.03,0.5
2024-10,2024-10-10,10:15,10:50,CE,SMART_ZONE_BREAK_CONFIRMATION,25116.95,25040.54,25234.05,25040.54,SL_HIT,LOSS,76.41,-76.41,-1.0
2024-10,2024-10-11,10:45,11:10,PE,SMART_ZONE_BREAK_CONFIRMATION,24974.1,25007.04,24900.0,24957.63,PROFIT_LOCK_HIT,WIN,32.94,16.47,0.5
2024-10,2024-10-11,11:20,15:15,PE,SMART_ZONE_TREND_CONTINUATION,24937.65,24998.71,24800.0,24968.05,TIME_EXIT,LOSS,61.06,-30.4,-0.498
2024-10,2024-10-15,10:45,13:05,CE,SMART_ZONE_SUPPORT_REACTION_CONFIRMATION,25089.25,25021.81,25200.0,25021.81,SL_HIT,LOSS,67.44,-67.44,-1.0
2024-10,2024-10-16,10:30,14:05,PE,SMART_ZONE_RESISTANCE_REJECTION_CONFIRMATION,25039.4,25109.83,24900.0,25004.19,PROFIT_LOCK_HIT,WIN,70.43,35.21,0.5
2024-10,2024-10-18,12:30,15:15,CE,SMART_ZONE_TREND_CONTINUATION,24840.15,24756.23,25000.0,24845.2,TIME_EXIT,WIN,83.92,5.05,0.06
2024-10,2024-10-21,10:20,14:00,PE,SMART_ZONE_RESISTANCE_REJECTION_CONFIRMATION,24788.25,24872.1,24600.0,24872.1,SL_HIT,LOSS,83.85,-83.85,-1.0
2024-10,2024-10-22,10:40,11:10,PE,SMART_ZONE_BREAK_CONFIRMATION,24681.0,24741.42,24500.0,24741.42,SL_HIT,LOSS,60.42,-60.42,-1.0
2024-10,2024-10-22,13:05,15:15,PE,SMART_ZONE_RETEST_CONFIRMATION,24607.6,24681.24,24400.0,24468.8,TIME_EXIT,WIN,73.64,138.8,1.885
2024-10,2024-10-23,11:50,12:10,CE,SMART_ZONE_RETEST_CONFIRMATION,24584.35,24540.67,24688.65,24540.67,SL_HIT,LOSS,43.68,-43.68,-1.0
2024-10,2024-10-23,12:20,14:20,PE,SMART_ZONE_RESISTANCE_REJECTION_CONFIRMATION,24529.65,24584.64,24445.8,24445.8,TARGET_HIT,WIN,54.99,83.85,1.525
2024-10,2024-10-24,09:45,09:55,PE,SMART_ZONE_BREAK_CONFIRMATION,24362.2,24410.83,24200.0,24410.83,SL_HIT,LOSS,48.63,-48.63,-1.0
2024-10,2024-10-25,09:50,10:20,PE,SMART_ZONE_BREAK_CONFIRMATION,24305.55,24383.71,24100.0,24266.47,PROFIT_LOCK_HIT,WIN,78.16,39.08,0.5
2024-10,2024-10-28,09:40,09:55,PE,SMART_ZONE_RESISTANCE_REJECTION_CONFIRMATION,24188.65,24275.9,24000.0,24275.9,SL_HIT,LOSS,87.25,-87.25,-1.0
2024-10,2024-10-29,12:15,14:05,CE,SMART_ZONE_TREND_CONTINUATION,24293.75,24235.89,24400.0,24400.0,TARGET_HIT,WIN,57.86,106.25,1.836
2024-10,2024-10-30,11:25,13:15,CE,SMART_ZONE_TREND_CONTINUATION,24466.05,24382.24,24600.0,24382.24,SL_HIT,LOSS,83.81,-83.81,-1.0
2024-10,2024-10-31,09:35,10:00,PE,SMART_ZONE_BREAK_CONFIRMATION,24255.95,24303.3,24100.0,24303.3,SL_HIT,LOSS,47.35,-47.35,-1.0
2024-10,2024-10-31,10:15,10:55,PE,SMART_ZONE_RETEST_CONFIRMATION,24274.05,24303.3,24203.79,24259.42,PROFIT_LOCK_HIT,WIN,29.25,14.63,0.5
2024-10,2024-10-31,11:05,12:25,CE,SMART_ZONE_SUPPORT_REACTION_CONFIRMATION,24266.0,24215.3,24350.3,24215.3,SL_HIT,LOSS,50.7,-50.7,-1.0
2024-10,2024-10-31,12:40,14:40,PE,SMART_ZONE_RETEST_CONFIRMATION,24221.4,24263.21,24100.0,24200.5,PROFIT_LOCK_HIT,WIN,41.81,20.9,0.5
2024-11,2024-11-04,12:15,15:00,PE,SMART_ZONE_RESISTANCE_REJECTION_CONFIRMATION,23923.65,24008.17,23700.0,24008.17,SL_HIT,LOSS,84.52,-84.52,-1.0
2024-11,2024-11-05,12:00,12:45,PE,SMART_ZONE_RETEST_CONFIRMATION,23863.05,23915.92,23700.0,23915.92,SL_HIT,LOSS,52.87,-52.87,-1.0
2024-11,2024-11-07,11:00,15:15,CE,SMART_ZONE_SUPPORT_REACTION_CONFIRMATION,24252.7,24163.24,24400.0,24204.65,TIME_EXIT,LOSS,89.46,-48.05,-0.537
2024-11,2024-11-08,13:15,15:15,CE,SMART_ZONE_TREND_CONTINUATION,24169.1,24101.28,24300.0,24148.75,TIME_EXIT,LOSS,67.82,-20.35,-0.3
2024-11,2024-11-11,11:00,11:50,CE,SMART_ZONE_SUPPORT_REACTION_CONFIRMATION,24264.75,24197.74,24400.0,24298.26,PROFIT_LOCK_HIT,WIN,67.01,33.51,0.5
2024-11,2024-11-12,13:20,15:15,PE,SMART_ZONE_BREAK_CONFIRMATION,23954.25,24028.12,23800.0,23872.25,TIME_EXIT,WIN,73.87,82.0,1.11
2024-11,2024-11-14,11:25,15:15,PE,SMART_ZONE_TREND_CONTINUATION,23506.75,23583.55,23300.0,23543.1,TIME_EXIT,LOSS,76.8,-36.35,-0.473
2024-11,2024-11-18,12:30,13:15,CE,SMART_ZONE_TREND_CONTINUATION,23542.5,23472.78,23675.9,23472.78,SL_HIT,LOSS,69.72,-69.72,-1.0
2024-11,2024-11-18,13:45,15:15,PE,SMART_ZONE_RETEST_CONFIRMATION,23463.6,23527.64,23300.0,23462.55,TIME_EXIT,WIN,64.04,1.05,0.016
2024-11,2024-11-22,13:15,13:55,CE,SMART_ZONE_TREND_CONTINUATION,23701.2,23647.86,23800.0,23795.06,NEAR_TARGET_EXIT,WIN,53.34,93.86,1.76
2024-11,2024-11-26,12:05,15:15,PE,SMART_ZONE_TREND_CONTINUATION,24189.7,24269.05,24000.0,24189.2,TIME_EXIT,WIN,79.35,0.5,0.006
2024-11,2024-11-27,10:45,12:30,CE,SMART_ZONE_SUPPORT_REACTION_CONFIRMATION,24193.7,24140.69,24300.0,24294.69,NEAR_TARGET_EXIT,WIN,53.01,100.99,1.905
2024-11,2024-11-28,10:05,10:30,CE,SMART_ZONE_BREAK_CONFIRMATION,24330.25,24283.56,24500.0,24283.56,SL_HIT,LOSS,46.69,-46.69,-1.0
2024-11,2024-11-28,10:45,11:45,PE,SMART_ZONE_BREAK_CONFIRMATION,24126.7,24213.89,23900.0,24083.1,PROFIT_LOCK_HIT,WIN,87.19,43.6,0.5
2024-11,2024-11-28,13:00,14:25,PE,SMART_ZONE_RETEST_CONFIRMATION,24003.4,24076.98,23800.0,23966.61,PROFIT_LOCK_HIT,WIN,73.58,36.79,0.5
2024-11,2024-11-29,10:40,14:45,CE,SMART_ZONE_BREAK_CONFIRMATION,24112.75,24040.88,24300.0,24148.69,PROFIT_LOCK_HIT,WIN,71.87,35.94,0.5
2024-12,2024-12-03,12:00,15:15,CE,SMART_ZONE_TREND_CONTINUATION,24439.1,24381.53,24600.0,24449.95,TIME_EXIT,WIN,57.57,10.85,0.188
2024-12,2024-12-04,12:20,12:25,PE,SMART_ZONE_TREND_CONTINUATION,24448.9,24490.66,24351.97,24490.66,SL_HIT,LOSS,41.76,-41.76,-1.0
2024-12,2024-12-04,12:45,13:30,PE,SMART_ZONE_RETEST_CONFIRMATION,24439.9,24498.23,24351.97,24498.23,SL_HIT,LOSS,58.33,-58.33,-1.0
2024-12,2024-12-05,13:15,14:25,CE,SMART_ZONE_TREND_CONTINUATION,24631.1,24549.83,24800.0,24800.0,TARGET_HIT,WIN,81.27,168.9,2.078
2024-12,2024-12-09,10:10,11:25,PE,SMART_ZONE_BREAK_CONFIRMATION,24594.5,24664.01,24431.04,24664.01,SL_HIT,LOSS,69.51,-69.51,-1.0
2024-12,2024-12-09,11:45,14:05,CE,SMART_ZONE_SUPPORT_REACTION_CONFIRMATION,24687.0,24614.18,24800.0,24614.18,SL_HIT,LOSS,72.82,-72.82,-1.0
2024-12,2024-12-11,10:30,15:15,CE,SMART_ZONE_SUPPORT_REACTION_CONFIRMATION,24653.2,24577.43,24800.0,24644.55,TIME_EXIT,LOSS,75.77,-8.65,-0.114
2024-12,2024-12-13,11:10,11:10,PE,SMART_ZONE_TREND_CONTINUATION,24252.35,24287.38,24100.0,24287.38,SL_HIT,LOSS,35.03,-35.03,-1.0
2024-12,2024-12-13,13:25,15:15,CE,SMART_ZONE_RETEST_CONFIRMATION,24636.4,24576.66,24800.0,24772.8,TIME_EXIT,WIN,59.74,136.4,2.283
2024-12,2024-12-16,09:40,09:45,PE,SMART_ZONE_BREAK_CONFIRMATION,24691.45,24755.87,24558.2,24755.87,SL_HIT,LOSS,64.42,-64.42,-1.0
2024-12,2024-12-17,11:05,11:40,PE,SMART_ZONE_RETEST_CONFIRMATION,24482.1,24544.38,24377.62,24377.62,TARGET_HIT,WIN,62.28,104.48,1.678
2024-12,2024-12-17,13:30,14:00,PE,SMART_ZONE_BREAK_CONFIRMATION,24335.2,24382.88,24200.0,24382.88,SL_HIT,LOSS,47.68,-47.68,-1.0
2024-12,2024-12-18,10:05,13:05,PE,SMART_ZONE_BREAK_CONFIRMATION,24261.1,24320.1,24100.0,24231.6,PROFIT_LOCK_HIT,WIN,59.0,29.5,0.5
2024-12,2024-12-20,10:00,10:15,PE,SMART_ZONE_BREAK_CONFIRMATION,23847.9,23907.26,23700.0,23907.26,SL_HIT,LOSS,59.36,-59.36,-1.0
2024-12,2024-12-20,12:15,13:40,PE,SMART_ZONE_RETEST_CONFIRMATION,23889.1,23960.44,23700.0,23709.45,NEAR_TARGET_EXIT,WIN,71.34,179.65,2.518
2024-12,2024-12-23,09:45,12:00,CE,SMART_ZONE_RETEST_CONFIRMATION,23745.75,23674.34,23900.0,23781.46,PROFIT_LOCK_HIT,WIN,71.41,35.71,0.5
2024-12,2024-12-23,12:40,12:55,PE,SMART_ZONE_TREND_CONTINUATION,23716.65,23743.39,23631.35,23703.28,PROFIT_LOCK_HIT,WIN,26.74,13.37,0.5
2024-12,2024-12-23,13:10,14:15,PE,SMART_ZONE_TREND_CONTINUATION,23679.45,23732.31,23600.0,23732.31,SL_HIT,LOSS,52.86,-52.86,-1.0
2024-12,2024-12-24,10:10,13:40,CE,SMART_ZONE_BREAK_CONFIRMATION,23819.6,23750.8,24000.0,23750.8,SL_HIT,LOSS,68.8,-68.8,-1.0
2024-12,2024-12-26,11:30,13:30,CE,SMART_ZONE_SUPPORT_REACTION_CONFIRMATION,23758.7,23694.34,23867.65,23694.34,SL_HIT,LOSS,64.36,-64.36,-1.0
2024-12,2024-12-30,09:35,10:45,PE,SMART_ZONE_BREAK_CONFIRMATION,23752.1,23818.2,23600.0,23818.2,SL_HIT,LOSS,66.1,-66.1,-1.0
2024-12,2024-12-30,13:35,15:15,PE,SMART_ZONE_RESISTANCE_REJECTION_CONFIRMATION,23695.25,23784.36,23500.0,23650.69,PROFIT_LOCK_HIT,WIN,89.11,44.56,0.5
2025-01,2025-01-02,09:45,12:25,CE,SMART_ZONE_BREAK_CONFIRMATION,23826.7,23769.3,24000.0,24000.0,TARGET_HIT,WIN,57.4,173.3,3.019
2025-01,2025-01-03,11:20,15:05,CE,SMART_ZONE_SUPPORT_REACTION_CONFIRMATION,24076.15,23992.24,24202.97,23992.24,SL_HIT,LOSS,83.91,-83.91,-1.0
2025-01,2025-01-07,10:25,15:15,PE,SMART_ZONE_RESISTANCE_REJECTION_CONFIRMATION,23727.2,23816.65,23586.29,23707.55,TIME_EXIT,WIN,89.45,19.65,0.22
2025-01,2025-01-08,10:40,11:25,PE,SMART_ZONE_BREAK_CONFIRMATION,23594.95,23639.14,23500.0,23572.85,PROFIT_LOCK_HIT,WIN,44.19,22.1,0.5
2025-01,2025-01-08,12:50,13:30,PE,SMART_ZONE_TREND_CONTINUATION,23519.7,23595.17,23400.0,23595.17,SL_HIT,LOSS,75.47,-75.47,-1.0
2025-01,2025-01-09,10:15,10:45,CE,SMART_ZONE_TREND_CONTINUATION,23639.1,23586.85,23751.85,23586.85,SL_HIT,LOSS,52.25,-52.25,-1.0
2025-01,2025-01-09,12:25,15:15,PE,SMART_ZONE_TREND_CONTINUATION,23580.6,23658.22,23400.0,23526.1,TIME_EXIT,WIN,77.62,54.5,0.702
2025-01,2025-01-13,11:50,14:10,PE,SMART_ZONE_TREND_CONTINUATION,23233.6,23306.47,23100.0,23106.68,NEAR_TARGET_EXIT,WIN,72.87,126.92,1.742
2025-01,2025-01-14,10:20,10:45,PE,SMART_ZONE_RESISTANCE_REJECTION_CONFIRMATION,23138.2,23202.23,23000.0,23202.23,SL_HIT,LOSS,64.03,-64.03,-1.0
2025-01,2025-01-14,11:25,11:30,CE,SMART_ZONE_RETEST_CONFIRMATION,23241.3,23212.22,23300.0,23212.22,SL_HIT,LOSS,29.08,-29.08,-1.0
2025-01,2025-01-15,10:40,11:30,CE,SMART_ZONE_BREAK_CONFIRMATION,23256.9,23218.47,23400.0,23218.47,SL_HIT,LOSS,38.43,-38.43,-1.0
2025-01,2025-01-15,12:00,13:15,CE,SMART_ZONE_SUPPORT_REACTION_CONFIRMATION,23241.45,23185.84,23400.0,23185.84,SL_HIT,LOSS,55.61,-55.61,-1.0
2025-01,2025-01-16,11:15,14:15,CE,SMART_ZONE_RETEST_CONFIRMATION,23289.55,23243.19,23391.65,23312.73,PROFIT_LOCK_HIT,WIN,46.36,23.18,0.5
2025-01,2025-01-17,10:55,12:00,PE,SMART_ZONE_BREAK_CONFIRMATION,23132.4,23216.89,23000.0,23216.89,SL_HIT,LOSS,84.49,-84.49,-1.0
2025-01,2025-01-20,11:15,15:15,CE,SMART_ZONE_RETEST_CONFIRMATION,23273.2,23227.47,23400.0,23343.2,TIME_EXIT,WIN,45.73,70.0,1.531
2025-01,2025-01-21,11:25,11:45,PE,SMART_ZONE_RETEST_CONFIRMATION,23160.25,23228.09,23000.0,23228.09,SL_HIT,LOSS,67.84,-67.84,-1.0
2025-01,2025-01-21,12:00,12:05,CE,SMART_ZONE_RETEST_CONFIRMATION,23381.8,23329.92,23500.0,23329.92,SL_HIT,LOSS,51.88,-51.88,-1.0
2025-01,2025-01-24,11:05,12:30,CE,SMART_ZONE_TREND_CONTINUATION,23244.5,23178.72,23400.0,23277.39,PROFIT_LOCK_HIT,WIN,65.78,32.89,0.5
2025-01,2025-01-24,13:05,15:15,PE,SMART_ZONE_TREND_CONTINUATION,23183.35,23263.32,23027.44,23098.6,TIME_EXIT,WIN,79.97,84.75,1.06
2025-01,2025-01-27,11:35,11:45,PE,SMART_ZONE_TREND_CONTINUATION,22893.0,22925.81,22800.0,22876.6,PROFIT_LOCK_HIT,WIN,32.81,16.4,0.5
2025-01,2025-01-28,11:45,13:20,CE,SMART_ZONE_TREND_CONTINUATION,23007.3,22942.41,23136.25,23039.74,PROFIT_LOCK_HIT,WIN,64.89,32.44,0.5
2025-01,2025-01-29,11:00,11:20,CE,SMART_ZONE_TREND_CONTINUATION,23122.85,23037.73,23300.0,23037.73,SL_HIT,LOSS,85.12,-85.12,-1.0
2025-01,2025-01-29,13:40,15:15,CE,SMART_ZONE_BREAK_CONFIRMATION,23158.95,23112.37,23300.0,23161.7,TIME_EXIT,WIN,46.58,2.75,0.059
2025-02,2025-02-01,13:45,15:15,CE,SMART_ZONE_SUPPORT_REACTION_CONFIRMATION,23495.05,23408.6,23700.0,23476.4,TIME_EXIT,LOSS,86.45,-18.65,-0.216
2025-02,2025-02-04,12:05,13:35,CE,SMART_ZONE_RETEST_CONFIRMATION,23553.35,23473.8,23700.0,23692.67,NEAR_TARGET_EXIT,WIN,79.55,139.32,1.751
2025-02,2025-02-05,12:25,13:55,PE,SMART_ZONE_TREND_CONTINUATION,23736.95,23767.88,23666.13,23767.88,SL_HIT,LOSS,30.93,-30.93,-1.0
2025-02,2025-02-06,10:10,15:05,PE,SMART_ZONE_BREAK_CONFIRMATION,23631.75,23678.98,23518.7,23608.13,PROFIT_LOCK_HIT,WIN,47.23,23.62,0.5
2025-02,2025-02-07,09:35,10:10,CE,SMART_ZONE_SUPPORT_REACTION_CONFIRMATION,23593.4,23550.99,23683.9,23614.61,PROFIT_LOCK_HIT,WIN,42.41,21.21,0.5
2025-02,2025-02-07,10:25,10:55,PE,SMART_ZONE_BREAK_CONFIRMATION,23521.75,23588.68,23400.0,23588.68,SL_HIT,LOSS,66.93,-66.93,-1.0
2025-02,2025-02-07,11:05,11:35,CE,SMART_ZONE_SUPPORT_REACTION_CONFIRMATION,23620.1,23545.95,23773.55,23657.17,PROFIT_LOCK_HIT,WIN,74.15,37.07,0.5
2025-02,2025-02-07,12:15,15:05,PE,SMART_ZONE_RESISTANCE_REJECTION_CONFIRMATION,23573.9,23655.69,23400.0,23533.01,PROFIT_LOCK_HIT,WIN,81.79,40.89,0.5
2025-02,2025-02-10,09:45,13:50,PE,SMART_ZONE_BREAK_CONFIRMATION,23408.25,23487.28,23200.0,23368.74,PROFIT_LOCK_HIT,WIN,79.03,39.51,0.5
2025-02,2025-02-11,09:35,09:35,PE,SMART_ZONE_BREAK_CONFIRMATION,23310.5,23339.12,23200.0,23339.12,SL_HIT,LOSS,28.62,-28.62,-1.0
2025-02,2025-02-11,09:55,10:25,PE,SMART_ZONE_RETEST_CONFIRMATION,23300.7,23339.12,23200.0,23281.49,PROFIT_LOCK_HIT,WIN,38.42,19.21,0.5
2025-02,2025-02-11,10:45,13:10,PE,SMART_ZONE_TREND_CONTINUATION,23259.3,23302.94,23100.0,23100.0,TARGET_HIT,WIN,43.64,159.3,3.65
2025-02,2025-02-12,12:05,13:40,CE,SMART_ZONE_SUPPORT_REACTION_CONFIRMATION,23058.0,22976.65,23200.0,23098.67,PROFIT_LOCK_HIT,WIN,81.35,40.67,0.5
2025-02,2025-02-13,11:05,13:30,CE,SMART_ZONE_TREND_CONTINUATION,23179.5,23120.31,23300.0,23120.31,SL_HIT,LOSS,59.19,-59.19,-1.0
2025-02,2025-02-14,11:20,13:15,PE,SMART_ZONE_TREND_CONTINUATION,22863.25,22932.03,22700.0,22828.86,PROFIT_LOCK_HIT,WIN,68.78,34.39,0.5
2025-02,2025-02-14,13:40,14:15,PE,SMART_ZONE_RETEST_CONFIRMATION,22801.95,22847.92,22700.0,22847.92,SL_HIT,LOSS,45.97,-45.97,-1.0
2025-02,2025-02-17,13:25,13:55,CE,SMART_ZONE_TREND_CONTINUATION,22865.5,22793.22,23000.0,22901.64,PROFIT_LOCK_HIT,WIN,72.28,36.14,0.5
2025-02,2025-02-18,10:15,10:20,PE,SMART_ZONE_RETEST_CONFIRMATION,22894.45,22925.46,22826.36,22826.36,TARGET_HIT,WIN,31.01,68.09,2.196
2025-02,2025-02-18,11:15,11:45,PE,SMART_ZONE_TREND_CONTINUATION,22813.7,22886.61,22700.0,22886.61,SL_HIT,LOSS,72.91,-72.91,-1.0
2025-02,2025-02-21,09:55,14:05,PE,SMART_ZONE_BREAK_CONFIRMATION,22812.6,22896.47,22600.0,22770.66,PROFIT_LOCK_HIT,WIN,83.87,41.94,0.5
2025-02,2025-02-24,11:45,13:35,CE,SMART_ZONE_TREND_CONTINUATION,22610.1,22543.45,22720.3,22543.45,SL_HIT,LOSS,66.65,-66.65,-1.0
2025-02,2025-02-25,10:00,12:15,PE,SMART_ZONE_RESISTANCE_REJECTION_CONFIRMATION,22607.2,22651.09,22518.8,22585.26,PROFIT_LOCK_HIT,WIN,43.89,21.94,0.5
2025-02,2025-02-25,13:10,15:15,CE,SMART_ZONE_TREND_CONTINUATION,22596.25,22540.58,22700.0,22540.58,SL_HIT,LOSS,55.67,-55.67,-1.0
2025-02,2025-02-27,10:20,15:15,PE,SMART_ZONE_RESISTANCE_REJECTION_CONFIRMATION,22540.25,22607.75,22400.0,22541.05,TIME_EXIT,LOSS,67.5,-0.8,-0.012
2025-02,2025-02-28,11:35,13:00,PE,SMART_ZONE_TREND_CONTINUATION,22253.35,22314.82,22100.0,22107.67,NEAR_TARGET_EXIT,WIN,61.47,145.68,2.37
2025-03,2025-03-03,13:30,15:15,PE,SMART_ZONE_RESISTANCE_REJECTION_CONFIRMATION,22117.15,22205.92,21900.0,22119.35,TIME_EXIT,LOSS,88.77,-2.2,-0.025
2025-03,2025-03-05,09:45,12:30,CE,SMART_ZONE_BREAK_CONFIRMATION,22237.6,22157.35,22400.0,22391.88,NEAR_TARGET_EXIT,WIN,80.25,154.28,1.922
2025-03,2025-03-06,09:40,11:05,PE,SMART_ZONE_RESISTANCE_REJECTION_CONFIRMATION,22310.6,22400.15,22100.0,22400.15,SL_HIT,LOSS,89.55,-89.55,-1.0
2025-03,2025-03-07,09:50,12:00,CE,SMART_ZONE_SUPPORT_REACTION_CONFIRMATION,22503.95,22437.28,22700.0,22537.28,PROFIT_LOCK_HIT,WIN,66.67,33.33,0.5
2025-03,2025-03-07,12:50,14:30,PE,SMART_ZONE_TREND_CONTINUATION,22550.8,22583.81,22500.0,22583.81,SL_HIT,LOSS,33.01,-33.01,-1.0
2025-03,2025-03-10,10:40,13:40,CE,SMART_ZONE_SUPPORT_REACTION_CONFIRMATION,22629.05,22563.0,22800.0,22563.0,SL_HIT,LOSS,66.05,-66.05,-1.0
2025-03,2025-03-12,10:25,11:55,PE,SMART_ZONE_BREAK_CONFIRMATION,22424.85,22472.61,22334.67,22334.67,TARGET_HIT,WIN,47.76,90.18,1.888
2025-03,2025-03-12,12:15,13:50,CE,SMART_ZONE_SUPPORT_REACTION_CONFIRMATION,22367.2,22308.11,22461.3,22396.74,PROFIT_LOCK_HIT,WIN,59.09,29.54,0.5
2025-03,2025-03-17,12:25,15:15,PE,SMART_ZONE_RESISTANCE_REJECTION_CONFIRMATION,22480.95,22561.06,22353.15,22510.05,TIME_EXIT,LOSS,80.11,-29.1,-0.363
2025-03,2025-03-18,12:55,15:15,CE,SMART_ZONE_TREND_CONTINUATION,22730.2,22656.84,22900.0,22849.35,TIME_EXIT,WIN,73.36,119.15,1.624
2025-03,2025-03-19,12:50,15:15,CE,SMART_ZONE_TREND_CONTINUATION,22931.25,22869.27,23100.0,22899.85,TIME_EXIT,LOSS,61.98,-31.4,-0.507
2025-03,2025-03-20,11:15,13:55,CE,SMART_ZONE_TREND_CONTINUATION,23063.55,22975.48,23200.0,23193.18,NEAR_TARGET_EXIT,WIN,88.07,129.63,1.472
2025-03,2025-03-21,09:40,12:40,CE,SMART_ZONE_BREAK_CONFIRMATION,23247.5,23195.0,23400.0,23392.38,NEAR_TARGET_EXIT,WIN,52.5,144.88,2.76
2025-03,2025-03-24,10:05,14:20,CE,SMART_ZONE_BREAK_CONFIRMATION,23550.2,23499.81,23700.0,23700.0,TARGET_HIT,WIN,50.39,149.8,2.973
2025-03,2025-03-26,13:20,15:15,PE,SMART_ZONE_BREAK_CONFIRMATION,23545.0,23604.69,23400.0,23478.6,TIME_EXIT,WIN,59.69,66.4,1.112
2025-03,2025-03-27,10:05,15:15,CE,SMART_ZONE_BREAK_CONFIRMATION,23594.65,23520.38,23718.4,23587.25,TIME_EXIT,LOSS,74.27,-7.4,-0.1
2025-03,2025-03-28,13:05,14:25,PE,SMART_ZONE_RETEST_CONFIRMATION,23473.85,23552.73,23300.0,23552.73,SL_HIT,LOSS,78.88,-78.88,-1.0
2025-04,2025-04-01,11:45,15:15,PE,SMART_ZONE_TREND_CONTINUATION,23200.1,23283.37,23000.0,23171.9,TIME_EXIT,WIN,83.27,28.2,0.339
2025-04,2025-04-02,10:35,15:15,CE,SMART_ZONE_BREAK_CONFIRMATION,23268.9,23218.79,23400.0,23327.15,TIME_EXIT,WIN,50.11,58.25,1.162
2025-04,2025-04-03,13:15,15:15,PE,SMART_ZONE_BREAK_CONFIRMATION,23258.95,23303.75,23158.45,23243.6,TIME_EXIT,WIN,44.8,15.35,0.343
2025-04,2025-04-11,12:15,13:30,CE,SMART_ZONE_TREND_CONTINUATION,22907.85,22849.38,23000.0,22849.38,SL_HIT,LOSS,58.47,-58.47,-1.0
2025-04,2025-04-16,09:35,10:30,CE,SMART_ZONE_SUPPORT_REACTION_CONFIRMATION,23336.55,23286.25,23500.0,23286.25,SL_HIT,LOSS,50.3,-50.3,-1.0
2025-04,2025-04-16,11:50,15:15,CE,SMART_ZONE_SUPPORT_REACTION_CONFIRMATION,23339.15,23284.79,23500.0,23438.8,TIME_EXIT,WIN,54.36,99.65,1.833
2025-04,2025-04-17,11:15,11:40,CE,SMART_ZONE_TREND_CONTINUATION,23440.1,23382.91,23600.0,23600.0,TARGET_HIT,WIN,57.19,159.9,2.796
2025-04,2025-04-17,13:15,14:15,CE,SMART_ZONE_TREND_CONTINUATION,23788.65,23711.3,24000.0,23827.33,PROFIT_LOCK_HIT,WIN,77.35,38.68,0.5
2025-04,2025-04-21,12:10,13:20,CE,SMART_ZONE_RETEST_CONFIRMATION,24139.85,24115.59,24200.0,24151.98,PROFIT_LOCK_HIT,WIN,24.26,12.13,0.5
2025-04,2025-04-22,10:15,11:20,CE,SMART_ZONE_BREAK_CONFIRMATION,24195.7,24165.13,24300.0,24210.99,PROFIT_LOCK_HIT,WIN,30.57,15.29,0.5
2025-04,2025-04-23,13:05,15:15,CE,SMART_ZONE_BREAK_CONFIRMATION,24265.1,24214.95,24359.3,24329.8,TIME_EXIT,WIN,50.15,64.7,1.29
2025-04,2025-04-24,11:45,15:15,PE,SMART_ZONE_TREND_CONTINUATION,24264.5,24317.63,24148.6,24252.4,TIME_EXIT,WIN,53.13,12.1,0.228
2025-04,2025-04-25,13:05,14:10,CE,SMART_ZONE_BREAK_CONFIRMATION,24026.95,23960.07,24200.0,24060.39,PROFIT_LOCK_HIT,WIN,66.88,33.44,0.5
2025-04,2025-04-29,11:55,12:55,PE,SMART_ZONE_TREND_CONTINUATION,24322.95,24361.02,24216.61,24361.02,SL_HIT,LOSS,38.07,-38.07,-1.0
2025-04,2025-04-29,13:05,15:00,CE,SMART_ZONE_RETEST_CONFIRMATION,24368.4,24330.15,24457.65,24330.15,SL_HIT,LOSS,38.25,-38.25,-1.0
2025-04,2025-04-30,13:20,15:15,PE,SMART_ZONE_RESISTANCE_REJECTION_CONFIRMATION,24331.9,24400.58,24222.7,24324.0,TIME_EXIT,WIN,68.68,7.9,0.115
2025-05,2025-05-02,11:25,11:35,PE,SMART_ZONE_TREND_CONTINUATION,24373.1,24418.78,24300.0,24350.26,PROFIT_LOCK_HIT,WIN,45.68,22.84,0.5
2025-05,2025-05-02,11:45,12:45,PE,SMART_ZONE_TREND_CONTINUATION,24336.1,24413.15,24200.0,24297.57,PROFIT_LOCK_HIT,WIN,77.05,38.53,0.5
2025-05,2025-05-06,10:25,15:15,PE,SMART_ZONE_TREND_CONTINUATION,24369.95,24420.17,24200.0,24365.2,TIME_EXIT,WIN,50.22,4.75,0.095
2025-05,2025-05-14,12:40,12:50,PE,SMART_ZONE_TREND_CONTINUATION,24621.4,24663.2,24547.5,24547.5,TARGET_HIT,WIN,41.8,73.9,1.768
2025-05,2025-05-14,13:20,13:25,PE,SMART_ZONE_TREND_CONTINUATION,24622.2,24656.06,24555.51,24656.06,SL_HIT,LOSS,33.86,-33.86,-1.0
2025-05,2025-05-19,13:15,15:15,PE,SMART_ZONE_RESISTANCE_REJECTION_CONFIRMATION,24980.55,25046.15,24800.0,24945.4,TIME_EXIT,WIN,65.6,35.15,0.536
2025-05,2025-05-20,09:40,09:45,CE,SMART_ZONE_SUPPORT_REACTION_CONFIRMATION,24956.45,24904.01,25062.95,24904.01,SL_HIT,LOSS,52.44,-52.44,-1.0
2025-05,2025-05-21,11:50,12:15,PE,SMART_ZONE_RESISTANCE_REJECTION_CONFIRMATION,24823.7,24901.38,24700.0,24700.0,TARGET_HIT,WIN,77.68,123.7,1.592
2025-05,2025-05-21,12:30,12:35,PE,SMART_ZONE_TREND_CONTINUATION,24743.05,24803.06,24600.0,24803.06,SL_HIT,LOSS,60.01,-60.01,-1.0
2025-05,2025-05-22,12:15,14:40,PE,SMART_ZONE_RESISTANCE_REJECTION_CONFIRMATION,24572.8,24637.51,24400.0,24540.44,PROFIT_LOCK_HIT,WIN,64.71,32.36,0.5
2025-05,2025-05-23,10:45,11:25,CE,SMART_ZONE_SUPPORT_REACTION_CONFIRMATION,24813.7,24726.89,25000.0,24857.1,PROFIT_LOCK_HIT,WIN,86.81,43.4,0.5
2025-05,2025-05-23,12:10,12:40,CE,SMART_ZONE_RETEST_CONFIRMATION,24845.5,24795.4,25000.0,24870.55,PROFIT_LOCK_HIT,WIN,50.1,25.05,0.5
2025-05,2025-05-27,11:30,11:35,CE,SMART_ZONE_TREND_CONTINUATION,25012.55,24929.61,25200.0,24929.61,SL_HIT,LOSS,82.94,-82.94,-1.0
2025-05,2025-05-27,12:50,14:20,PE,SMART_ZONE_TREND_CONTINUATION,24848.85,24921.29,24700.0,24707.44,NEAR_TARGET_EXIT,WIN,72.44,141.41,1.952
2025-05,2025-05-29,10:40,12:50,PE,SMART_ZONE_BREAK_CONFIRMATION,24750.25,24801.27,24600.0,24724.74,PROFIT_LOCK_HIT,WIN,51.02,25.51,0.5
2025-05,2025-05-30,12:15,13:55,PE,SMART_ZONE_TREND_CONTINUATION,24741.8,24800.8,24600.0,24800.8,SL_HIT,LOSS,59.0,-59.0,-1.0
2025-06,2025-06-02,12:05,12:55,CE,SMART_ZONE_SUPPORT_REACTION_CONFIRMATION,24663.65,24603.97,24753.9,24693.49,PROFIT_LOCK_HIT,WIN,59.68,29.84,0.5
2025-06,2025-06-03,10:40,10:45,PE,SMART_ZONE_RETEST_CONFIRMATION,24647.65,24682.9,24526.15,24630.03,PROFIT_LOCK_HIT,WIN,35.25,17.62,0.5
2025-06,2025-06-03,11:00,11:25,PE,SMART_ZONE_RETEST_CONFIRMATION,24637.7,24683.33,24526.15,24614.89,PROFIT_LOCK_HIT,WIN,45.63,22.81,0.5
2025-06,2025-06-03,11:40,13:35,PE,SMART_ZONE_RETEST_CONFIRMATION,24607.15,24682.93,24400.0,24569.26,PROFIT_LOCK_HIT,WIN,75.78,37.89,0.5
2025-06,2025-06-04,12:10,15:15,CE,SMART_ZONE_TREND_CONTINUATION,24601.95,24532.12,24800.0,24610.5,TIME_EXIT,WIN,69.83,8.55,0.122
2025-06,2025-06-05,12:00,12:15,CE,SMART_ZONE_TREND_CONTINUATION,24742.05,24686.09,24900.0,24892.1,NEAR_TARGET_EXIT,WIN,55.96,150.05,2.681
2025-06,2025-06-06,10:50,12:20,CE,SMART_ZONE_BREAK_CONFIRMATION,24941.4,24874.88,25100.0,24974.66,PROFIT_LOCK_HIT,WIN,66.52,33.26,0.5
2025-06,2025-06-09,12:35,15:15,CE,SMART_ZONE_SUPPORT_REACTION_CONFIRMATION,25125.15,25072.76,25300.0,25101.85,TIME_EXIT,LOSS,52.39,-23.3,-0.445
2025-06,2025-06-11,10:10,13:25,CE,SMART_ZONE_BREAK_CONFIRMATION,25157.45,25111.77,25300.0,25180.29,PROFIT_LOCK_HIT,WIN,45.68,22.84,0.5
2025-06,2025-06-12,09:45,12:30,PE,SMART_ZONE_BREAK_CONFIRMATION,25103.5,25189.79,24900.0,25060.35,PROFIT_LOCK_HIT,WIN,86.29,43.15,0.5
2025-06,2025-06-12,13:00,13:40,PE,SMART_ZONE_BREAK_CONFIRMATION,25040.6,25098.14,24900.0,24907.03,NEAR_TARGET_EXIT,WIN,57.54,133.57,2.321
2025-06,2025-06-16,10:45,11:20,CE,SMART_ZONE_BREAK_CONFIRMATION,24869.7,24828.53,25000.0,24890.28,PROFIT_LOCK_HIT,WIN,41.17,20.58,0.5
2025-06,2025-06-16,11:35,15:15,CE,SMART_ZONE_SUPPORT_REACTION_CONFIRMATION,24892.55,24849.1,25000.0,24955.2,TIME_EXIT,WIN,43.45,62.65,1.442
2025-06,2025-06-17,10:05,15:15,PE,SMART_ZONE_RETEST_CONFIRMATION,24859.9,24909.16,24703.6,24844.75,TIME_EXIT,WIN,49.26,15.15,0.308
2025-06,2025-06-19,11:10,15:15,PE,SMART_ZONE_TREND_CONTINUATION,24804.6,24852.68,24700.0,24787.9,TIME_EXIT,WIN,48.08,16.7,0.347
2025-06,2025-06-20,11:55,12:25,CE,SMART_ZONE_SUPPORT_REACTION_CONFIRMATION,25038.85,24985.66,25200.0,24985.66,SL_HIT,LOSS,53.19,-53.19,-1.0
2025-06,2025-06-20,12:45,15:00,CE,SMART_ZONE_SUPPORT_REACTION_CONFIRMATION,25000.9,24954.18,25100.0,25100.0,TARGET_HIT,WIN,46.72,99.1,2.121
2025-06,2025-06-24,12:15,12:35,CE,SMART_ZONE_TREND_CONTINUATION,25308.75,25251.66,25400.0,25251.66,SL_HIT,LOSS,57.09,-57.09,-1.0
2025-06,2025-06-24,13:25,13:40,PE,SMART_ZONE_TREND_CONTINUATION,25119.5,25199.89,24960.85,25079.31,PROFIT_LOCK_HIT,WIN,80.39,40.19,0.5
2025-06,2025-06-25,13:15,15:15,CE,SMART_ZONE_TREND_CONTINUATION,25240.4,25167.77,25400.0,25245.55,TIME_EXIT,WIN,72.63,5.15,0.071
2025-06,2025-06-27,12:20,15:15,CE,SMART_ZONE_TREND_CONTINUATION,25628.4,25584.05,25700.0,25647.6,TIME_EXIT,WIN,44.35,19.2,0.433
2025-06,2025-06-30,10:20,13:00,CE,SMART_ZONE_SUPPORT_REACTION_CONFIRMATION,25600.0,25521.13,25800.0,25521.13,SL_HIT,LOSS,78.87,-78.87,-1.0
2025-07,2025-07-01,11:25,15:15,PE,SMART_ZONE_TREND_CONTINUATION,25522.25,25569.61,25400.0,25549.05,TIME_EXIT,LOSS,47.36,-26.8,-0.566
2025-07,2025-07-02,10:05,13:25,PE,SMART_ZONE_RESISTANCE_REJECTION_CONFIRMATION,25526.7,25606.52,25400.0,25406.33,NEAR_TARGET_EXIT,WIN,79.82,120.37,1.508
2025-07,2025-07-03,09:55,14:20,CE,SMART_ZONE_BREAK_CONFIRMATION,25531.7,25472.57,25700.0,25472.57,SL_HIT,LOSS,59.13,-59.13,-1.0
2025-07,2025-07-07,10:10,15:15,PE,SMART_ZONE_RESISTANCE_REJECTION_CONFIRMATION,25422.0,25495.25,25300.0,25457.3,TIME_EXIT,LOSS,73.25,-35.3,-0.482
2025-07,2025-07-08,10:50,15:00,PE,SMART_ZONE_RESISTANCE_REJECTION_CONFIRMATION,25435.05,25494.75,25300.0,25494.75,SL_HIT,LOSS,59.7,-59.7,-1.0
2025-07,2025-07-09,13:05,15:15,PE,SMART_ZONE_RESISTANCE_REJECTION_CONFIRMATION,25490.5,25560.21,25300.0,25470.1,TIME_EXIT,WIN,69.71,20.4,0.293
2025-07,2025-07-14,10:55,13:20,PE,SMART_ZONE_TREND_CONTINUATION,25078.75,25138.33,24900.0,25048.96,PROFIT_LOCK_HIT,WIN,59.58,29.79,0.5
2025-07,2025-07-15,10:45,11:05,CE,SMART_ZONE_BREAK_CONFIRMATION,25160.35,25130.74,25230.92,25230.92,TARGET_HIT,WIN,29.61,70.57,2.383
2025-07,2025-07-16,10:45,11:50,PE,SMART_ZONE_TREND_CONTINUATION,25127.05,25172.97,25056.65,25172.97,SL_HIT,LOSS,45.92,-45.92,-1.0
2025-07,2025-07-16,12:35,15:15,CE,SMART_ZONE_SUPPORT_REACTION_CONFIRMATION,25203.7,25147.33,25300.0,25207.8,TIME_EXIT,WIN,56.37,4.1,0.073
2025-07,2025-07-17,11:40,14:15,CE,SMART_ZONE_TREND_CONTINUATION,25201.55,25144.0,25300.0,25144.0,SL_HIT,LOSS,57.55,-57.55,-1.0
2025-07,2025-07-18,11:45,13:00,PE,SMART_ZONE_TREND_CONTINUATION,24922.0,24981.89,24800.0,24981.89,SL_HIT,LOSS,59.89,-59.89,-1.0
2025-07,2025-07-21,10:35,11:40,CE,SMART_ZONE_RETEST_CONFIRMATION,25057.85,25023.08,25144.6,25023.08,SL_HIT,LOSS,34.77,-34.77,-1.0
2025-07,2025-07-21,11:50,12:45,PE,SMART_ZONE_RESISTANCE_REJECTION_CONFIRMATION,25015.0,25055.21,24918.65,25055.21,SL_HIT,LOSS,40.21,-40.21,-1.0
2025-07,2025-07-21,13:50,15:05,PE,SMART_ZONE_RESISTANCE_REJECTION_CONFIRMATION,25032.75,25083.92,24918.65,25083.92,SL_HIT,LOSS,51.17,-51.17,-1.0
2025-07,2025-07-22,12:30,14:25,CE,SMART_ZONE_SUPPORT_REACTION_CONFIRMATION,25099.6,25065.27,25182.0,25065.27,SL_HIT,LOSS,34.33,-34.33,-1.0
2025-07,2025-07-23,10:50,12:10,CE,SMART_ZONE_BREAK_CONFIRMATION,25116.05,25076.4,25182.0,25135.88,PROFIT_LOCK_HIT,WIN,39.65,19.83,0.5
2025-07,2025-07-24,11:20,15:15,PE,SMART_ZONE_RESISTANCE_REJECTION_CONFIRMATION,25142.35,25190.43,25000.0,25058.25,TIME_EXIT,WIN,48.08,84.1,1.749
2025-07,2025-07-25,10:30,15:15,PE,SMART_ZONE_TREND_CONTINUATION,24870.65,24955.12,24700.0,24833.7,TIME_EXIT,WIN,84.47,36.95,0.437
2025-07,2025-07-28,13:15,14:15,PE,SMART_ZONE_TREND_CONTINUATION,24707.6,24758.45,24600.0,24682.17,PROFIT_LOCK_HIT,WIN,50.85,25.43,0.5
2025-07,2025-07-29,10:15,13:05,PE,SMART_ZONE_RESISTANCE_REJECTION_CONFIRMATION,24664.55,24729.21,24500.0,24729.21,SL_HIT,LOSS,64.66,-64.66,-1.0
2025-07,2025-07-29,13:45,14:00,CE,SMART_ZONE_BREAK_CONFIRMATION,24758.85,24736.36,24800.0,24800.0,TARGET_HIT,WIN,22.49,41.15,1.83
2025-07,2025-07-30,10:55,11:40,CE,SMART_ZONE_SUPPORT_REACTION_CONFIRMATION,24818.85,24737.48,25000.0,24859.53,PROFIT_LOCK_HIT,WIN,81.37,40.68,0.5
2025-07,2025-07-30,13:20,15:15,PE,SMART_ZONE_RESISTANCE_REJECTION_CONFIRMATION,24849.75,24893.87,24774.2,24854.55,TIME_EXIT,LOSS,44.12,-4.8,-0.109
2025-07,2025-07-31,10:50,12:15,CE,SMART_ZONE_SUPPORT_REACTION_CONFIRMATION,24719.15,24650.18,24844.55,24838.28,NEAR_TARGET_EXIT,WIN,68.97,119.13,1.727
2025-07,2025-07-31,12:25,14:25,CE,SMART_ZONE_SUPPORT_REACTION_CONFIRMATION,24846.55,24793.78,25000.0,24872.93,PROFIT_LOCK_HIT,WIN,52.77,26.38,0.5
2025-08,2025-08-01,10:10,11:40,CE,SMART_ZONE_SUPPORT_REACTION_CONFIRMATION,24727.05,24644.9,24900.0,24644.9,SL_HIT,LOSS,82.15,-82.15,-1.0
2025-08,2025-08-01,13:00,13:30,PE,SMART_ZONE_RETEST_CONFIRMATION,24644.8,24688.49,24500.0,24688.49,SL_HIT,LOSS,43.69,-43.69,-1.0
2025-08,2025-08-04,12:30,15:15,CE,SMART_ZONE_RETEST_CONFIRMATION,24694.6,24621.73,24833.01,24723.15,TIME_EXIT,WIN,72.87,28.55,0.392
2025-08,2025-08-05,12:20,14:05,CE,SMART_ZONE_SUPPORT_REACTION_CONFIRMATION,24659.45,24592.13,24800.0,24592.13,SL_HIT,LOSS,67.32,-67.32,-1.0
2025-08,2025-08-06,10:45,12:20,PE,SMART_ZONE_BREAK_CONFIRMATION,24564.6,24621.19,24400.0,24621.19,SL_HIT,LOSS,56.59,-56.59,-1.0
2025-08,2025-08-07,10:45,14:00,PE,SMART_ZONE_TREND_CONTINUATION,24435.75,24503.3,24300.0,24401.97,PROFIT_LOCK_HIT,WIN,67.55,33.78,0.5
2025-08,2025-08-11,10:30,13:10,CE,SMART_ZONE_BREAK_CONFIRMATION,24441.35,24393.65,24585.5,24465.2,PROFIT_LOCK_HIT,WIN,47.7,23.85,0.5
2025-08,2025-08-14,11:30,14:35,PE,SMART_ZONE_TREND_CONTINUATION,24635.95,24670.69,24535.25,24618.58,PROFIT_LOCK_HIT,WIN,34.74,17.37,0.5
2025-08,2025-08-18,12:50,13:20,CE,SMART_ZONE_SUPPORT_REACTION_CONFIRMATION,24910.95,24870.02,24972.65,24931.42,PROFIT_LOCK_HIT,WIN,40.93,20.47,0.5
2025-08,2025-08-19,09:45,11:30,PE,SMART_ZONE_RESISTANCE_REJECTION_CONFIRMATION,24880.25,24950.34,24700.0,24950.34,SL_HIT,LOSS,70.09,-70.09,-1.0
2025-08,2025-08-19,12:15,14:05,CE,SMART_ZONE_TREND_CONTINUATION,24973.5,24930.87,25100.0,24930.87,SL_HIT,LOSS,42.63,-42.63,-1.0
2025-08,2025-08-20,12:20,14:30,CE,SMART_ZONE_SUPPORT_REACTION_CONFIRMATION,25036.9,24991.8,25200.0,25059.45,PROFIT_LOCK_HIT,WIN,45.1,22.55,0.5
2025-08,2025-08-21,09:55,11:00,CE,SMART_ZONE_BREAK_CONFIRMATION,25095.05,25050.35,25200.0,25117.4,PROFIT_LOCK_HIT,WIN,44.7,22.35,0.5
2025-08,2025-08-21,12:15,14:15,PE,SMART_ZONE_TREND_CONTINUATION,25106.8,25149.92,25013.03,25149.92,SL_HIT,LOSS,43.12,-43.12,-1.0
2025-08,2025-08-22,09:50,11:00,PE,SMART_ZONE_RETEST_CONFIRMATION,24971.05,25004.67,24900.0,24900.0,TARGET_HIT,WIN,33.62,71.05,2.113
2025-08,2025-08-25,09:40,09:55,CE,SMART_ZONE_BREAK_CONFIRMATION,24966.25,24928.26,25064.15,24928.26,SL_HIT,LOSS,37.99,-37.99,-1.0
2025-08,2025-08-25,11:45,14:30,CE,SMART_ZONE_RETEST_CONFIRMATION,24961.3,24927.42,25064.15,24978.24,PROFIT_LOCK_HIT,WIN,33.88,16.94,0.5
2025-08,2025-08-28,12:15,14:45,PE,SMART_ZONE_TREND_CONTINUATION,24626.6,24683.25,24514.35,24514.35,TARGET_HIT,WIN,56.65,112.25,1.981
2025-08,2025-08-29,11:45,12:25,CE,SMART_ZONE_TREND_CONTINUATION,24566.55,24529.83,24687.04,24529.83,SL_HIT,LOSS,36.72,-36.72,-1.0
2025-08,2025-08-29,12:35,14:55,PE,SMART_ZONE_TREND_CONTINUATION,24522.2,24585.08,24400.0,24490.76,PROFIT_LOCK_HIT,WIN,62.88,31.44,0.5
2025-09,2025-09-01,10:50,15:15,CE,SMART_ZONE_BREAK_CONFIRMATION,24538.75,24470.96,24700.0,24628.55,TIME_EXIT,WIN,67.79,89.8,1.325
2025-09,2025-09-05,10:05,10:25,PE,SMART_ZONE_RESISTANCE_REJECTION_CONFIRMATION,24770.7,24846.59,24600.0,24732.76,PROFIT_LOCK_HIT,WIN,75.89,37.94,0.5
2025-09,2025-09-05,13:45,13:55,CE,SMART_ZONE_SUPPORT_REACTION_CONFIRMATION,24708.0,24669.79,24778.47,24774.95,NEAR_TARGET_EXIT,WIN,38.21,66.95,1.752
2025-09,2025-09-08,12:20,14:45,CE,SMART_ZONE_SUPPORT_REACTION_CONFIRMATION,24835.6,24783.87,25000.0,24783.87,SL_HIT,LOSS,51.73,-51.73,-1.0
2025-09,2025-09-09,11:25,15:15,CE,SMART_ZONE_TREND_CONTINUATION,24853.05,24809.2,25000.0,24868.0,TIME_EXIT,WIN,43.85,14.95,0.341
2025-09,2025-09-11,12:35,15:15,CE,SMART_ZONE_RETEST_CONFIRMATION,25008.7,24966.77,25100.0,25004.7,TIME_EXIT,LOSS,41.93,-4.0,-0.095
2025-09,2025-09-15,09:55,13:40,CE,SMART_ZONE_SUPPORT_REACTION_CONFIRMATION,25106.75,25059.15,25200.0,25059.15,SL_HIT,LOSS,47.6,-47.6,-1.0
2025-09,2025-09-16,10:00,15:15,CE,SMART_ZONE_BREAK_CONFIRMATION,25157.45,25102.45,25300.0,25244.35,TIME_EXIT,WIN,55.0,86.9,1.58
2025-09,2025-09-18,12:05,13:00,PE,SMART_ZONE_TREND_CONTINUATION,25415.35,25446.29,25346.5,25349.94,NEAR_TARGET_EXIT,WIN,30.94,65.41,2.114
2025-09,2025-09-18,13:15,15:00,PE,SMART_ZONE_TREND_CONTINUATION,25361.95,25408.25,25275.35,25408.25,SL_HIT,LOSS,46.3,-46.3,-1.0
2025-09,2025-09-19,11:50,15:15,PE,SMART_ZONE_RESISTANCE_REJECTION_CONFIRMATION,25294.25,25361.7,25100.0,25333.8,TIME_EXIT,LOSS,67.45,-39.55,-0.586
2025-09,2025-09-22,09:45,11:20,CE,SMART_ZONE_SUPPORT_REACTION_CONFIRMATION,25314.2,25281.2,25400.0,25281.2,SL_HIT,LOSS,33.0,-33.0,-1.0
2025-09,2025-09-22,12:10,12:40,PE,SMART_ZONE_RETEST_CONFIRMATION,25284.9,25308.84,25211.6,25308.84,SL_HIT,LOSS,23.94,-23.94,-1.0
2025-09,2025-09-22,13:25,15:15,PE,SMART_ZONE_RESISTANCE_REJECTION_CONFIRMATION,25277.2,25336.21,25100.0,25202.05,TIME_EXIT,WIN,59.01,75.15,1.274
2025-09,2025-09-23,09:50,12:30,PE,SMART_ZONE_BREAK_CONFIRMATION,25121.05,25169.46,25000.0,25169.46,SL_HIT,LOSS,48.41,-48.41,-1.0
2025-09,2025-09-23,12:40,15:15,CE,SMART_ZONE_SUPPORT_REACTION_CONFIRMATION,25216.7,25146.0,25331.7,25168.15,TIME_EXIT,LOSS,70.7,-48.55,-0.687
2025-09,2025-09-24,10:50,13:00,PE,SMART_ZONE_RESISTANCE_REJECTION_CONFIRMATION,25070.45,25119.61,24900.0,25119.61,SL_HIT,LOSS,49.16,-49.16,-1.0
2025-09,2025-09-26,13:35,15:15,PE,SMART_ZONE_BREAK_CONFIRMATION,24706.95,24762.42,24600.0,24652.2,TIME_EXIT,WIN,55.47,54.75,0.987
2025-09,2025-09-29,09:45,11:35,CE,SMART_ZONE_BREAK_CONFIRMATION,24750.8,24700.08,24868.03,24700.08,SL_HIT,LOSS,50.72,-50.72,-1.0
2025-09,2025-09-29,12:15,13:10,PE,SMART_ZONE_TREND_CONTINUATION,24641.7,24685.06,24500.0,24685.06,SL_HIT,LOSS,43.36,-43.36,-1.0
2025-09,2025-09-30,10:50,15:15,PE,SMART_ZONE_TREND_CONTINUATION,24609.55,24685.31,24400.0,24607.4,TIME_EXIT,WIN,75.76,2.15,0.028
2025-10,2025-10-01,11:15,15:15,CE,SMART_ZONE_TREND_CONTINUATION,24702.2,24612.86,24900.0,24839.7,TIME_EXIT,WIN,89.34,137.5,1.539
2025-10,2025-10-03,10:00,15:15,CE,SMART_ZONE_SUPPORT_REACTION_CONFIRMATION,24828.55,24749.75,25000.0,24885.65,TIME_EXIT,WIN,78.8,57.1,0.725
2025-10,2025-10-06,11:15,13:50,CE,SMART_ZONE_TREND_CONTINUATION,25014.8,24955.97,25200.0,25044.22,PROFIT_LOCK_HIT,WIN,58.83,29.42,0.5
2025-10,2025-10-08,09:40,10:20,CE,SMART_ZONE_RETEST_CONFIRMATION,25180.15,25130.52,25300.0,25130.52,SL_HIT,LOSS,49.63,-49.63,-1.0
2025-10,2025-10-08,12:25,12:55,PE,SMART_ZONE_RESISTANCE_REJECTION_CONFIRMATION,25014.8,25075.64,24900.0,25075.64,SL_HIT,LOSS,60.84,-60.84,-1.0
2025-10,2025-10-09,11:25,11:50,CE,SMART_ZONE_RETEST_CONFIRMATION,25141.7,25104.26,25200.0,25160.42,PROFIT_LOCK_HIT,WIN,37.44,18.72,0.5
2025-10,2025-10-09,13:30,15:15,CE,SMART_ZONE_BREAK_CONFIRMATION,25147.3,25106.0,25300.0,25188.2,TIME_EXIT,WIN,41.3,40.9,0.99
2025-10,2025-10-10,13:05,13:10,CE,SMART_ZONE_BREAK_CONFIRMATION,25316.4,25292.84,25400.0,25292.84,SL_HIT,LOSS,23.56,-23.56,-1.0
2025-10,2025-10-13,09:55,11:30,PE,SMART_ZONE_RETEST_CONFIRMATION,25202.4,25242.79,25104.21,25182.21,PROFIT_LOCK_HIT,WIN,40.39,20.19,0.5
2025-10,2025-10-14,11:45,13:30,PE,SMART_ZONE_RETEST_CONFIRMATION,25144.85,25209.44,25000.0,25112.56,PROFIT_LOCK_HIT,WIN,64.59,32.29,0.5
2025-10,2025-10-15,10:10,15:15,CE,SMART_ZONE_RETEST_CONFIRMATION,25229.9,25164.6,25400.0,25328.9,TIME_EXIT,WIN,65.3,99.0,1.516
2025-10,2025-10-17,10:15,12:50,CE,SMART_ZONE_BREAK_CONFIRMATION,25670.15,25597.16,25800.0,25706.65,PROFIT_LOCK_HIT,WIN,72.99,36.5,0.5
2025-10,2025-10-20,13:15,13:45,CE,SMART_ZONE_BREAK_CONFIRMATION,25898.4,25867.8,26000.0,25867.8,SL_HIT,LOSS,30.6,-30.6,-1.0
2025-10,2025-10-23,11:55,13:30,CE,SMART_ZONE_SUPPORT_REACTION_CONFIRMATION,26073.65,26035.18,26200.0,26035.18,SL_HIT,LOSS,38.47,-38.47,-1.0
2025-10,2025-10-24,10:55,11:10,PE,SMART_ZONE_BREAK_CONFIRMATION,25823.85,25847.28,25700.0,25812.13,PROFIT_LOCK_HIT,WIN,23.43,11.72,0.5
2025-10,2025-10-24,11:20,11:35,PE,SMART_ZONE_RETEST_CONFIRMATION,25816.35,25847.28,25700.0,25800.88,PROFIT_LOCK_HIT,WIN,30.93,15.47,0.5
2025-10,2025-10-24,12:00,12:05,PE,SMART_ZONE_RETEST_CONFIRMATION,25821.8,25846.35,25700.0,25846.35,SL_HIT,LOSS,24.55,-24.55,-1.0
2025-10,2025-10-24,13:10,15:00,PE,SMART_ZONE_RETEST_CONFIRMATION,25817.45,25846.42,25700.0,25802.97,PROFIT_LOCK_HIT,WIN,28.97,14.48,0.5
2025-10,2025-10-27,09:45,12:30,CE,SMART_ZONE_BREAK_CONFIRMATION,25937.2,25881.22,26100.0,25965.19,PROFIT_LOCK_HIT,WIN,55.98,27.99,0.5
2025-10,2025-10-28,12:45,13:55,CE,SMART_ZONE_SUPPORT_REACTION_CONFIRMATION,25929.0,25861.3,26100.0,25861.3,SL_HIT,LOSS,67.7,-67.7,-1.0
2025-10,2025-10-30,10:20,15:15,PE,SMART_ZONE_RETEST_CONFIRMATION,25929.65,25997.93,25800.0,25885.35,TIME_EXIT,WIN,68.28,44.3,0.649
2025-11,2025-11-04,10:20,15:15,PE,SMART_ZONE_BREAK_CONFIRMATION,25683.95,25748.36,25500.0,25593.05,TIME_EXIT,WIN,64.41,90.9,1.411
2025-11,2025-11-06,12:15,12:45,PE,SMART_ZONE_RESISTANCE_REJECTION_CONFIRMATION,25546.65,25580.17,25400.0,25580.17,SL_HIT,LOSS,33.52,-33.52,-1.0
2025-11,2025-11-06,13:15,13:45,CE,SMART_ZONE_RETEST_CONFIRMATION,25583.6,25555.79,25652.3,25555.79,SL_HIT,LOSS,27.81,-27.81,-1.0
2025-11,2025-11-07,12:45,13:55,CE,SMART_ZONE_TREND_CONTINUATION,25483.05,25419.68,25600.0,25514.74,PROFIT_LOCK_HIT,WIN,63.37,31.69,0.5
2025-11,2025-11-10,10:20,15:15,CE,SMART_ZONE_BREAK_CONFIRMATION,25602.45,25527.3,25800.0,25568.2,TIME_EXIT,LOSS,75.15,-34.25,-0.456
2025-11,2025-11-11,10:40,11:50,PE,SMART_ZONE_BREAK_CONFIRMATION,25457.45,25512.04,25300.0,25512.04,SL_HIT,LOSS,54.59,-54.59,-1.0
2025-11,2025-11-11,12:20,12:40,CE,SMART_ZONE_SUPPORT_REACTION_CONFIRMATION,25551.55,25513.6,25637.6,25570.52,PROFIT_LOCK_HIT,WIN,37.95,18.97,0.5
2025-11,2025-11-11,13:20,15:15,CE,SMART_ZONE_SUPPORT_REACTION_CONFIRMATION,25609.05,25544.82,25800.0,25700.85,TIME_EXIT,WIN,64.23,91.8,1.429
2025-11,2025-11-12,13:00,14:05,CE,SMART_ZONE_RETEST_CONFIRMATION,25915.7,25892.55,26000.0,25892.55,SL_HIT,LOSS,23.15,-23.15,-1.0
2025-11,2025-11-13,10:45,12:35,CE,SMART_ZONE_BREAK_CONFIRMATION,25928.45,25882.23,26000.0,25951.56,PROFIT_LOCK_HIT,WIN,46.22,23.11,0.5
2025-11,2025-11-13,13:45,13:55,CE,SMART_ZONE_BREAK_CONFIRMATION,25998.6,25969.88,26100.0,25969.88,SL_HIT,LOSS,28.72,-28.72,-1.0
2025-11,2025-11-14,10:05,10:55,PE,SMART_ZONE_BREAK_CONFIRMATION,25774.65,25840.97,25600.0,25840.97,SL_HIT,LOSS,66.32,-66.32,-1.0
2025-11,2025-11-14,11:15,11:30,CE,SMART_ZONE_SUPPORT_REACTION_CONFIRMATION,25855.25,25800.46,25988.97,25800.46,SL_HIT,LOSS,54.79,-54.79,-1.0
2025-11,2025-11-14,13:35,14:25,PE,SMART_ZONE_RETEST_CONFIRMATION,25806.05,25838.51,25700.0,25789.82,PROFIT_LOCK_HIT,WIN,32.46,16.23,0.5
2025-11,2025-11-17,12:55,15:15,CE,SMART_ZONE_RETEST_CONFIRMATION,25993.8,25953.08,26100.0,26016.05,TIME_EXIT,WIN,40.72,22.25,0.546
2025-11,2025-11-18,09:35,09:55,CE,SMART_ZONE_SUPPORT_REACTION_CONFIRMATION,25963.55,25901.67,26100.0,25901.67,SL_HIT,LOSS,61.88,-61.88,-1.0
2025-11,2025-11-18,10:55,10:55,PE,SMART_ZONE_TREND_CONTINUATION,25909.05,25923.98,25846.55,25923.98,SL_HIT,LOSS,14.93,-14.93,-1.0
2025-11,2025-11-18,11:55,15:10,CE,SMART_ZONE_SUPPORT_REACTION_CONFIRMATION,25975.7,25901.42,26100.0,25901.42,SL_HIT,LOSS,74.28,-74.28,-1.0
2025-11,2025-11-19,10:25,11:15,CE,SMART_ZONE_SUPPORT_REACTION_CONFIRMATION,25967.25,25920.38,26100.0,25920.38,SL_HIT,LOSS,46.87,-46.87,-1.0
2025-11,2025-11-19,11:50,13:35,CE,SMART_ZONE_SUPPORT_REACTION_CONFIRMATION,25974.75,25922.77,26100.0,26000.74,PROFIT_LOCK_HIT,WIN,51.98,25.99,0.5
2025-11,2025-11-20,12:45,14:45,CE,SMART_ZONE_TREND_CONTINUATION,26170.35,26121.73,26300.0,26194.66,PROFIT_LOCK_HIT,WIN,48.62,24.31,0.5
2025-11,2025-11-21,12:00,12:10,PE,SMART_ZONE_RETEST_CONFIRMATION,26093.1,26118.2,26000.0,26118.2,SL_HIT,LOSS,25.1,-25.1,-1.0
2025-11,2025-11-21,12:20,14:55,CE,SMART_ZONE_SUPPORT_REACTION_CONFIRMATION,26138.2,26089.13,26212.3,26089.13,SL_HIT,LOSS,49.07,-49.07,-1.0
2025-11,2025-11-24,11:00,15:15,PE,SMART_ZONE_RESISTANCE_REJECTION_CONFIRMATION,26108.4,26184.74,25900.0,25950.95,TIME_EXIT,WIN,76.34,157.45,2.062
2025-11,2025-11-25,11:45,11:50,PE,SMART_ZONE_TREND_CONTINUATION,25952.15,25975.74,25912.15,25975.74,SL_HIT,LOSS,23.59,-23.59,-1.0
2025-11,2025-11-26,09:35,13:05,CE,SMART_ZONE_BREAK_CONFIRMATION,26011.45,25940.28,26200.0,26190.57,NEAR_TARGET_EXIT,WIN,71.17,179.12,2.517
2025-11,2025-11-28,10:45,11:35,CE,SMART_ZONE_BREAK_CONFIRMATION,26274.45,26235.22,26400.0,26235.22,SL_HIT,LOSS,39.23,-39.23,-1.0
2025-11,2025-11-28,12:50,15:15,PE,SMART_ZONE_RESISTANCE_REJECTION_CONFIRMATION,26207.8,26270.17,26100.0,26198.95,TIME_EXIT,WIN,62.37,8.85,0.142
2025-12,2025-12-01,10:10,10:45,CE,SMART_ZONE_BREAK_CONFIRMATION,26285.4,26252.97,26400.0,26252.97,SL_HIT,LOSS,32.43,-32.43,-1.0
2025-12,2025-12-03,09:35,15:15,PE,SMART_ZONE_BREAK_CONFIRMATION,25933.55,26023.04,25700.0,25983.5,TIME_EXIT,LOSS,89.49,-49.95,-0.558
2025-12,2025-12-04,10:35,12:20,CE,SMART_ZONE_BREAK_CONFIRMATION,26084.65,26011.82,26200.0,26011.82,SL_HIT,LOSS,72.83,-72.83,-1.0
2025-12,2025-12-05,10:50,15:15,CE,SMART_ZONE_BREAK_CONFIRMATION,26124.2,26042.88,26300.0,26194.65,TIME_EXIT,WIN,81.32,70.45,0.866
2025-12,2025-12-08,09:55,13:30,PE,SMART_ZONE_BREAK_CONFIRMATION,26083.05,26156.13,25900.0,25909.15,NEAR_TARGET_EXIT,WIN,73.08,173.9,2.38
2025-12,2025-12-08,13:40,15:15,PE,SMART_ZONE_BREAK_CONFIRMATION,25916.6,25987.92,25800.0,25945.25,TIME_EXIT,LOSS,71.32,-28.65,-0.402
2025-12,2025-12-10,10:20,10:50,CE,SMART_ZONE_BREAK_CONFIRMATION,25928.7,25874.79,26016.8,25874.79,SL_HIT,LOSS,53.91,-53.91,-1.0
2025-12,2025-12-10,11:00,15:15,PE,SMART_ZONE_RESISTANCE_REJECTION_CONFIRMATION,25835.3,25917.03,25700.0,25756.2,TIME_EXIT,WIN,81.73,79.1,0.968
2025-12,2025-12-11,10:20,11:00,CE,SMART_ZONE_BREAK_CONFIRMATION,25813.05,25772.83,25900.0,25772.83,SL_HIT,LOSS,40.22,-40.22,-1.0
2025-12,2025-12-15,11:50,15:15,CE,SMART_ZONE_SUPPORT_REACTION_CONFIRMATION,25995.85,25933.33,26100.0,26023.55,TIME_EXIT,WIN,62.52,27.7,0.443
2025-12,2025-12-16,10:40,14:50,PE,SMART_ZONE_TREND_CONTINUATION,25904.85,25954.43,25800.0,25880.06,PROFIT_LOCK_HIT,WIN,49.58,24.79,0.5
2025-12,2025-12-17,10:30,15:15,PE,SMART_ZONE_BREAK_CONFIRMATION,25813.65,25867.49,25700.0,25814.1,TIME_EXIT,LOSS,53.84,-0.45,-0.008
2025-12,2025-12-18,11:55,14:05,CE,SMART_ZONE_RETEST_CONFIRMATION,25870.0,25822.49,26000.0,25822.49,SL_HIT,LOSS,47.51,-47.51,-1.0
2025-12,2025-12-23,10:45,14:30,CE,SMART_ZONE_RETEST_CONFIRMATION,26180.95,26135.42,26300.0,26203.72,PROFIT_LOCK_HIT,WIN,45.53,22.77,0.5
2025-12,2025-12-24,11:45,15:00,PE,SMART_ZONE_RESISTANCE_REJECTION_CONFIRMATION,26185.45,26243.2,26000.0,26156.58,PROFIT_LOCK_HIT,WIN,57.75,28.87,0.5
2025-12,2025-12-26,11:20,15:00,PE,SMART_ZONE_RESISTANCE_REJECTION_CONFIRMATION,26064.5,26106.24,26000.0,26043.63,PROFIT_LOCK_HIT,WIN,41.74,20.87,0.5
2025-12,2025-12-29,10:00,15:15,PE,SMART_ZONE_RESISTANCE_REJECTION_CONFIRMATION,26037.25,26107.71,25900.0,25941.15,TIME_EXIT,WIN,70.46,96.1,1.364
2025-12,2025-12-30,12:05,13:45,PE,SMART_ZONE_TREND_CONTINUATION,25891.85,25959.35,25700.0,25959.35,SL_HIT,LOSS,67.5,-67.5,-1.0
2025-12,2025-12-31,10:45,15:15,CE,SMART_ZONE_BREAK_CONFIRMATION,26040.95,25985.04,26200.0,26130.25,TIME_EXIT,WIN,55.91,89.3,1.597
2026-01,2026-01-01,10:20,15:15,PE,SMART_ZONE_RESISTANCE_REJECTION_CONFIRMATION,26132.15,26195.78,26000.0,26143.6,TIME_EXIT,LOSS,63.63,-11.45,-0.18
2026-01,2026-01-02,11:45,15:15,CE,SMART_ZONE_TREND_CONTINUATION,26285.5,26230.6,26400.0,26326.25,TIME_EXIT,WIN,54.9,40.75,0.742
2026-01,2026-01-05,09:55,10:40,CE,SMART_ZONE_SUPPORT_REACTION_CONFIRMATION,26305.0,26236.94,26500.0,26339.03,PROFIT_LOCK_HIT,WIN,68.06,34.03,0.5
2026-01,2026-01-05,13:35,14:05,PE,SMART_ZONE_BREAK_CONFIRMATION,26288.3,26326.12,26210.64,26210.64,TARGET_HIT,WIN,37.82,77.66,2.053
2026-01,2026-01-06,11:35,15:15,PE,SMART_ZONE_TREND_CONTINUATION,26170.75,26251.31,26000.0,26181.25,TIME_EXIT,LOSS,80.56,-10.5,-0.13
2026-01,2026-01-07,09:55,10:05,PE,SMART_ZONE_BREAK_CONFIRMATION,26108.05,26156.79,26000.0,26156.79,SL_HIT,LOSS,48.74,-48.74,-1.0
2026-01,2026-01-07,10:15,12:00,CE,SMART_ZONE_SUPPORT_REACTION_CONFIRMATION,26167.25,26118.34,26273.95,26118.34,SL_HIT,LOSS,48.91,-48.91,-1.0
2026-01,2026-01-08,09:35,12:05,PE,SMART_ZONE_BREAK_CONFIRMATION,26060.7,26129.13,25900.0,25900.0,TARGET_HIT,WIN,68.43,160.7,2.348
2026-01,2026-01-08,12:20,15:15,PE,SMART_ZONE_TREND_CONTINUATION,25930.85,25994.35,25800.0,25874.1,TIME_EXIT,WIN,63.5,56.75,0.894
2026-01,2026-01-09,11:45,13:35,PE,SMART_ZONE_TREND_CONTINUATION,25755.35,25830.8,25600.0,25717.62,PROFIT_LOCK_HIT,WIN,75.45,37.73,0.5
2026-01,2026-01-12,11:15,12:15,PE,SMART_ZONE_TREND_CONTINUATION,25532.85,25597.77,25400.0,25597.77,SL_HIT,LOSS,64.92,-64.92,-1.0
2026-01,2026-01-12,12:35,15:15,CE,SMART_ZONE_SUPPORT_REACTION_CONFIRMATION,25697.5,25617.24,25841.09,25785.7,TIME_EXIT,WIN,80.26,88.2,1.099
2026-01,2026-01-13,13:00,14:50,PE,SMART_ZONE_BREAK_CONFIRMATION,25653.0,25714.5,25516.22,25714.5,SL_HIT,LOSS,61.5,-61.5,-1.0
2026-01,2026-01-14,11:05,13:40,CE,SMART_ZONE_SUPPORT_REACTION_CONFIRMATION,25733.15,25665.11,25879.5,25665.11,SL_HIT,LOSS,68.04,-68.04,-1.0
2026-01,2026-01-16,10:15,11:10,CE,SMART_ZONE_BREAK_CONFIRMATION,25784.95,25731.33,25900.0,25811.76,PROFIT_LOCK_HIT,WIN,53.62,26.81,0.5
2026-01,2026-01-16,12:50,12:55,PE,SMART_ZONE_TREND_CONTINUATION,25755.6,25772.96,25714.57,25746.92,PROFIT_LOCK_HIT,WIN,17.36,8.68,0.5
2026-01,2026-01-16,13:05,13:30,PE,SMART_ZONE_TREND_CONTINUATION,25727.2,25768.21,25651.15,25706.69,PROFIT_LOCK_HIT,WIN,41.01,20.51,0.5
2026-01,2026-01-20,12:10,14:25,PE,SMART_ZONE_RESISTANCE_REJECTION_CONFIRMATION,25432.7,25517.07,25300.0,25390.51,PROFIT_LOCK_HIT,WIN,84.37,42.19,0.5
2026-01,2026-01-21,13:15,14:10,PE,SMART_ZONE_RESISTANCE_REJECTION_CONFIRMATION,25237.45,25303.45,25130.15,25135.51,NEAR_TARGET_EXIT,WIN,66.0,101.94,1.545
2026-01,2026-01-22,13:30,14:30,PE,SMART_ZONE_TREND_CONTINUATION,25179.05,25246.13,25065.14,25246.13,SL_HIT,LOSS,67.08,-67.08,-1.0
2026-01,2026-01-23,11:40,13:30,PE,SMART_ZONE_RESISTANCE_REJECTION_CONFIRMATION,25229.1,25315.53,25065.95,25074.11,NEAR_TARGET_EXIT,WIN,86.43,154.99,1.793
2026-01,2026-01-27,10:35,10:40,CE,SMART_ZONE_RETEST_CONFIRMATION,25128.65,25063.02,25254.33,25063.02,SL_HIT,LOSS,65.63,-65.63,-1.0
2026-01,2026-01-27,11:35,11:50,CE,SMART_ZONE_SUPPORT_REACTION_CONFIRMATION,25063.0,25014.26,25200.0,25087.37,PROFIT_LOCK_HIT,WIN,48.74,24.37,0.5
2026-01,2026-01-27,12:25,12:45,CE,SMART_ZONE_RETEST_CONFIRMATION,25127.6,25066.52,25254.33,25066.52,SL_HIT,LOSS,61.08,-61.08,-1.0
2026-01,2026-01-28,11:05,13:00,CE,SMART_ZONE_RETEST_CONFIRMATION,25321.1,25256.47,25500.0,25256.47,SL_HIT,LOSS,64.63,-64.63,-1.0
2026-01,2026-01-28,13:30,14:50,PE,SMART_ZONE_RESISTANCE_REJECTION_CONFIRMATION,25238.65,25299.01,25100.0,25299.01,SL_HIT,LOSS,60.36,-60.36,-1.0
2026-01,2026-01-29,11:20,13:40,CE,SMART_ZONE_SUPPORT_REACTION_CONFIRMATION,25267.55,25179.62,25400.0,25400.0,TARGET_HIT,WIN,87.93,132.45,1.506
2026-01,2026-01-30,09:55,11:30,CE,SMART_ZONE_SUPPORT_REACTION_CONFIRMATION,25316.45,25240.31,25432.55,25240.31,SL_HIT,LOSS,76.14,-76.14,-1.0
2026-01,2026-01-30,12:00,13:50,PE,SMART_ZONE_TREND_CONTINUATION,25261.4,25329.35,25100.0,25329.35,SL_HIT,LOSS,67.95,-67.95,-1.0
2026-02,2026-02-01,12:00,12:05,PE,SMART_ZONE_RETEST_CONFIRMATION,25279.85,25346.66,25100.0,25346.66,SL_HIT,LOSS,66.81,-66.81,-1.0
2026-02,2026-02-02,13:10,13:15,CE,SMART_ZONE_BREAK_CONFIRMATION,24959.55,24890.67,25100.0,24890.67,SL_HIT,LOSS,68.88,-68.88,-1.0
2026-02,2026-02-02,13:45,15:05,CE,SMART_ZONE_RETEST_CONFIRMATION,24964.2,24890.67,25100.0,25093.21,NEAR_TARGET_EXIT,WIN,73.53,129.01,1.755
2026-02,2026-02-05,12:45,15:15,PE,SMART_ZONE_TREND_CONTINUATION,25617.45,25684.14,25500.0,25629.25,TIME_EXIT,LOSS,66.69,-11.8,-0.177
2026-02,2026-02-10,09:45,14:00,CE,SMART_ZONE_BREAK_CONFIRMATION,25949.4,25901.85,26100.0,25901.85,SL_HIT,LOSS,47.55,-47.55,-1.0
2026-02,2026-02-11,12:35,15:15,PE,SMART_ZONE_TREND_CONTINUATION,25926.25,25994.92,25800.0,25955.25,TIME_EXIT,LOSS,68.67,-29.0,-0.422
2026-02,2026-02-12,13:10,15:00,PE,SMART_ZONE_TREND_CONTINUATION,25839.35,25887.33,25700.0,25815.36,PROFIT_LOCK_HIT,WIN,47.98,23.99,0.5
2026-02,2026-02-13,11:35,12:25,PE,SMART_ZONE_TREND_CONTINUATION,25530.05,25589.9,25400.0,25589.9,SL_HIT,LOSS,59.85,-59.85,-1.0
2026-02,2026-02-13,12:55,15:15,PE,SMART_ZONE_RESISTANCE_REJECTION_CONFIRMATION,25556.95,25621.89,25400.0,25485.05,TIME_EXIT,WIN,64.94,71.9,1.107
2026-02,2026-02-16,12:20,15:05,CE,SMART_ZONE_RETEST_CONFIRMATION,25561.25,25500.19,25700.0,25693.06,NEAR_TARGET_EXIT,WIN,61.06,131.81,2.159
2026-02,2026-02-17,10:20,13:00,CE,SMART_ZONE_SUPPORT_REACTION_CONFIRMATION,25690.7,25634.31,25800.0,25718.9,PROFIT_LOCK_HIT,WIN,56.39,28.2,0.5
2026-02,2026-02-18,13:05,15:15,CE,SMART_ZONE_SUPPORT_REACTION_CONFIRMATION,25737.0,25692.75,25900.0,25818.3,TIME_EXIT,WIN,44.25,81.3,1.837
2026-02,2026-02-19,12:25,13:50,CE,SMART_ZONE_SUPPORT_REACTION_CONFIRMATION,25633.35,25564.71,25800.0,25564.71,SL_HIT,LOSS,68.64,-68.64,-1.0
2026-02,2026-02-20,10:10,10:20,PE,SMART_ZONE_RESISTANCE_REJECTION_CONFIRMATION,25475.1,25553.49,25300.0,25553.49,SL_HIT,LOSS,78.39,-78.39,-1.0
2026-02,2026-02-23,11:40,13:15,CE,SMART_ZONE_RETEST_CONFIRMATION,25668.6,25629.62,25767.9,25629.62,SL_HIT,LOSS,38.98,-38.98,-1.0
2026-02,2026-02-24,09:45,15:15,PE,SMART_ZONE_BREAK_CONFIRMATION,25499.45,25570.26,25300.0,25435.55,TIME_EXIT,WIN,70.81,63.9,0.902
2026-02,2026-02-25,10:05,12:30,CE,SMART_ZONE_BREAK_CONFIRMATION,25618.2,25549.24,25800.0,25549.24,SL_HIT,LOSS,68.96,-68.96,-1.0
2026-02,2026-02-25,13:05,15:15,PE,SMART_ZONE_RESISTANCE_REJECTION_CONFIRMATION,25462.05,25531.66,25327.6,25481.4,TIME_EXIT,LOSS,69.61,-19.35,-0.278
2026-02,2026-02-26,10:10,11:00,CE,SMART_ZONE_BREAK_CONFIRMATION,25563.3,25499.75,25700.0,25499.75,SL_HIT,LOSS,63.55,-63.55,-1.0
2026-02,2026-02-26,12:30,12:40,PE,SMART_ZONE_TREND_CONTINUATION,25430.7,25453.28,25300.0,25453.28,SL_HIT,LOSS,22.58,-22.58,-1.0
2026-02,2026-02-27,12:05,12:25,PE,SMART_ZONE_TREND_CONTINUATION,25312.8,25352.16,25200.0,25293.12,PROFIT_LOCK_HIT,WIN,39.36,19.68,0.5
2026-03,2026-03-02,12:45,14:00,PE,SMART_ZONE_TREND_CONTINUATION,24687.9,24752.23,24500.0,24655.74,PROFIT_LOCK_HIT,WIN,64.33,32.16,0.5
2026-03,2026-03-05,12:20,12:25,PE,SMART_ZONE_RETEST_CONFIRMATION,24602.35,24650.44,24500.0,24650.44,SL_HIT,LOSS,48.09,-48.09,-1.0
2026-03,2026-03-05,13:40,14:20,PE,SMART_ZONE_RESISTANCE_REJECTION_CONFIRMATION,24614.05,24683.29,24500.0,24579.43,PROFIT_LOCK_HIT,WIN,69.24,34.62,0.5
2026-03,2026-03-09,10:40,11:10,CE,SMART_ZONE_TREND_CONTINUATION,23774.35,23684.81,23959.7,23819.12,PROFIT_LOCK_HIT,WIN,89.54,44.77,0.5
2026-03,2026-03-11,11:15,14:15,PE,SMART_ZONE_RESISTANCE_REJECTION_CONFIRMATION,24071.4,24152.43,23900.94,23909.46,NEAR_TARGET_EXIT,WIN,81.03,161.94,1.999
2026-03,2026-03-12,13:20,13:25,PE,SMART_ZONE_TREND_CONTINUATION,23702.25,23764.21,23601.45,23764.21,SL_HIT,LOSS,61.96,-61.96,-1.0
2026-03,2026-03-12,13:40,13:55,CE,SMART_ZONE_BREAK_CONFIRMATION,23811.8,23744.0,24000.0,23744.0,SL_HIT,LOSS,67.8,-67.8,-1.0
2026-03,2026-03-18,10:55,12:00,CE,SMART_ZONE_BREAK_CONFIRMATION,23768.15,23703.21,23900.0,23800.62,PROFIT_LOCK_HIT,WIN,64.94,32.47,0.5
2026-03,2026-03-23,12:55,13:45,PE,SMART_ZONE_TREND_CONTINUATION,22504.25,22591.77,22300.0,22591.77,SL_HIT,LOSS,87.52,-87.52,-1.0
2026-03,2026-03-24,10:00,10:05,CE,SMART_ZONE_RETEST_CONFIRMATION,22754.2,22685.39,22899.6,22685.39,SL_HIT,LOSS,68.81,-68.81,-1.0
2026-03,2026-03-24,11:50,12:25,CE,SMART_ZONE_RETEST_CONFIRMATION,22769.25,22685.47,22899.6,22899.6,TARGET_HIT,WIN,83.78,130.35,1.556
2026-03,2026-03-24,13:45,13:45,CE,SMART_ZONE_BREAK_CONFIRMATION,23037.5,22982.14,23200.0,22982.14,SL_HIT,LOSS,55.36,-55.36,-1.0
2026-03,2026-03-30,13:55,14:00,PE,SMART_ZONE_BREAK_CONFIRMATION,22422.1,22485.08,22300.0,22485.08,SL_HIT,LOSS,62.98,-62.98,-1.0
2026-04,2026-04-01,09:45,10:10,CE,SMART_ZONE_RETEST_CONFIRMATION,22854.95,22802.63,22992.34,22881.11,PROFIT_LOCK_HIT,WIN,52.32,26.16,0.5
2026-04,2026-04-01,12:10,13:35,CE,SMART_ZONE_SUPPORT_REACTION_CONFIRMATION,22839.15,22757.59,22992.34,22757.59,SL_HIT,LOSS,81.56,-81.56,-1.0
2026-04,2026-04-02,11:10,11:55,PE,SMART_ZONE_RESISTANCE_REJECTION_CONFIRMATION,22235.7,22299.68,22100.0,22299.68,SL_HIT,LOSS,63.98,-63.98,-1.0
2026-04,2026-04-02,13:45,14:30,CE,SMART_ZONE_BREAK_CONFIRMATION,22535.65,22453.62,22700.0,22700.0,TARGET_HIT,WIN,82.03,164.35,2.004
2026-04,2026-04-06,11:35,11:55,PE,SMART_ZONE_TREND_CONTINUATION,22610.05,22690.02,22400.0,22690.02,SL_HIT,LOSS,79.97,-79.97,-1.0
2026-04,2026-04-06,13:20,14:55,CE,SMART_ZONE_BREAK_CONFIRMATION,22864.2,22788.17,23000.0,22902.22,PROFIT_LOCK_HIT,WIN,76.03,38.02,0.5
2026-04,2026-04-07,11:35,13:55,CE,SMART_ZONE_SUPPORT_REACTION_CONFIRMATION,22943.95,22870.87,23100.0,22980.49,PROFIT_LOCK_HIT,WIN,73.08,36.54,0.5
2026-04,2026-04-09,13:45,14:40,PE,SMART_ZONE_BREAK_CONFIRMATION,23760.15,23819.8,23600.0,23730.33,PROFIT_LOCK_HIT,WIN,59.65,29.82,0.5
2026-04,2026-04-13,11:35,11:50,PE,SMART_ZONE_RETEST_CONFIRMATION,23738.1,23785.94,23634.3,23785.94,SL_HIT,LOSS,47.84,-47.84,-1.0
2026-04,2026-04-13,12:15,14:05,CE,SMART_ZONE_SUPPORT_REACTION_CONFIRMATION,23814.6,23733.42,23997.51,23855.19,PROFIT_LOCK_HIT,WIN,81.18,40.59,0.5
2026-04,2026-04-15,13:30,15:15,PE,SMART_ZONE_RESISTANCE_REJECTION_CONFIRMATION,24196.95,24278.54,24015.32,24223.0,TIME_EXIT,LOSS,81.59,-26.05,-0.319
2026-04,2026-04-16,12:20,13:45,PE,SMART_ZONE_TREND_CONTINUATION,24181.4,24255.18,24000.0,24144.51,PROFIT_LOCK_HIT,WIN,73.78,36.89,0.5
2026-04,2026-04-17,10:10,11:55,CE,SMART_ZONE_BREAK_CONFIRMATION,24263.3,24217.58,24383.15,24286.16,PROFIT_LOCK_HIT,WIN,45.72,22.86,0.5
2026-04,2026-04-20,10:30,12:10,CE,SMART_ZONE_BREAK_CONFIRMATION,24409.65,24366.04,24500.0,24431.46,PROFIT_LOCK_HIT,WIN,43.61,21.81,0.5
2026-04,2026-04-22,13:25,15:15,PE,SMART_ZONE_RESISTANCE_REJECTION_CONFIRMATION,24392.6,24471.48,24200.0,24378.45,TIME_EXIT,WIN,78.88,14.15,0.179
2026-04,2026-04-23,13:20,14:40,CE,SMART_ZONE_TREND_CONTINUATION,24243.15,24161.44,24367.65,24161.44,SL_HIT,LOSS,81.71,-81.71,-1.0
2026-04,2026-04-24,12:45,15:15,PE,SMART_ZONE_TREND_CONTINUATION,23882.1,23955.09,23700.0,23916.65,TIME_EXIT,LOSS,72.99,-34.55,-0.473
2026-04,2026-04-28,10:05,11:25,CE,SMART_ZONE_BREAK_CONFIRMATION,24155.2,24100.4,24300.0,24100.4,SL_HIT,LOSS,54.8,-54.8,-1.0
2026-04,2026-04-29,10:10,14:00,CE,SMART_ZONE_BREAK_CONFIRMATION,24211.75,24134.16,24400.0,24250.54,PROFIT_LOCK_HIT,WIN,77.59,38.79,0.5
2026-05,2026-05-04,12:30,13:25,PE,SMART_ZONE_RESISTANCE_REJECTION_CONFIRMATION,24132.8,24184.32,24043.7,24043.7,TARGET_HIT,WIN,51.52,89.1,1.729
2026-05,2026-05-05,10:35,12:55,PE,SMART_ZONE_BREAK_CONFIRMATION,23941.35,24002.38,23800.0,24002.38,SL_HIT,LOSS,61.03,-61.03,-1.0
2026-05,2026-05-05,13:05,15:15,CE,SMART_ZONE_SUPPORT_REACTION_CONFIRMATION,24019.8,23955.93,24123.8,24050.45,TIME_EXIT,WIN,63.87,30.65,0.48
2026-05,2026-05-06,12:10,13:15,PE,SMART_ZONE_TREND_CONTINUATION,24084.4,24156.31,23907.07,24048.44,PROFIT_LOCK_HIT,WIN,71.91,35.96,0.5
2026-05,2026-05-07,12:00,13:15,CE,SMART_ZONE_SUPPORT_REACTION_CONFIRMATION,24340.55,24271.84,24500.0,24374.9,PROFIT_LOCK_HIT,WIN,68.71,34.35,0.5
2026-05,2026-05-08,12:40,14:40,PE,SMART_ZONE_RESISTANCE_REJECTION_CONFIRMATION,24171.55,24226.42,24000.0,24226.42,SL_HIT,LOSS,54.87,-54.87,-1.0
2026-05,2026-05-13,11:55,12:10,PE,SMART_ZONE_TREND_CONTINUATION,23474.5,23508.97,23400.0,23508.97,SL_HIT,LOSS,34.47,-34.47,-1.0
2026-05,2026-05-13,13:35,13:55,CE,SMART_ZONE_RETEST_CONFIRMATION,23533.55,23481.14,23700.0,23481.14,SL_HIT,LOSS,52.41,-52.41,-1.0
2026-05,2026-05-14,10:40,10:45,CE,SMART_ZONE_BREAK_CONFIRMATION,23529.4,23469.86,23652.05,23469.86,SL_HIT,LOSS,59.54,-59.54,-1.0
2026-05,2026-05-14,12:20,13:10,CE,SMART_ZONE_RETEST_CONFIRMATION,23681.65,23648.32,23800.0,23698.32,PROFIT_LOCK_HIT,WIN,33.33,16.67,0.5
2026-05,2026-05-15,09:55,11:10,CE,SMART_ZONE_BREAK_CONFIRMATION,23823.15,23739.75,24000.0,23739.75,SL_HIT,LOSS,83.4,-83.4,-1.0
2026-05,2026-05-15,13:15,13:35,CE,SMART_ZONE_RETEST_CONFIRMATION,23780.65,23743.17,23900.0,23743.17,SL_HIT,LOSS,37.48,-37.48,-1.0
2026-05,2026-05-15,13:50,15:05,PE,SMART_ZONE_RESISTANCE_REJECTION_CONFIRMATION,23711.0,23782.96,23600.0,23675.02,PROFIT_LOCK_HIT,WIN,71.96,35.98,0.5
2026-05,2026-05-18,10:40,12:30,CE,SMART_ZONE_BREAK_CONFIRMATION,23429.0,23369.07,23600.0,23600.0,TARGET_HIT,WIN,59.93,171.0,2.853
2026-05,2026-05-18,13:00,15:15,CE,SMART_ZONE_TREND_CONTINUATION,23636.9,23551.39,23768.38,23626.9,TIME_EXIT,LOSS,85.51,-10.0,-0.117
2026-05,2026-05-20,10:25,10:30,PE,SMART_ZONE_RETEST_CONFIRMATION,23478.05,23539.91,23300.0,23539.91,SL_HIT,LOSS,61.86,-61.86,-1.0
2026-05,2026-05-20,11:50,13:25,CE,SMART_ZONE_TREND_CONTINUATION,23635.55,23565.1,23782.3,23565.1,SL_HIT,LOSS,70.45,-70.45,-1.0
2026-05,2026-05-21,13:40,15:15,CE,SMART_ZONE_SUPPORT_REACTION_CONFIRMATION,23663.35,23581.22,23800.0,23636.6,TIME_EXIT,LOSS,82.13,-26.75,-0.326
2026-05,2026-05-25,13:10,15:15,CE,SMART_ZONE_SUPPORT_REACTION_CONFIRMATION,23978.15,23919.81,24100.0,24025.55,TIME_EXIT,WIN,58.34,47.4,0.812
2026-05,2026-05-26,11:40,12:40,CE,SMART_ZONE_SUPPORT_REACTION_CONFIRMATION,24069.95,24011.49,24200.0,24011.49,SL_HIT,LOSS,58.46,-58.46,-1.0
2026-05,2026-05-27,10:15,14:30,CE,SMART_ZONE_SUPPORT_REACTION_CONFIRMATION,23942.8,23878.03,24089.8,23878.03,SL_HIT,LOSS,64.77,-64.77,-1.0
2026-05,2026-05-29,12:00,13:05,PE,SMART_ZONE_TREND_CONTINUATION,23890.8,23923.92,23800.0,23800.0,TARGET_HIT,WIN,33.12,90.8,2.742
2026-05,2026-05-29,13:15,15:00,PE,SMART_ZONE_BREAK_CONFIRMATION,23769.25,23832.43,23600.0,23600.0,TARGET_HIT,WIN,63.18,169.25,2.679
2026-06,2026-06-01,11:00,14:15,PE,SMART_ZONE_TREND_CONTINUATION,23569.75,23631.89,23400.0,23408.49,NEAR_TARGET_EXIT,WIN,62.14,161.26,2.595
2026-06,2026-06-03,10:35,12:35,PE,SMART_ZONE_BREAK_CONFIRMATION,23215.0,23299.92,23000.0,23299.92,SL_HIT,LOSS,84.92,-84.92,-1.0
2026-06,2026-06-04,10:40,14:45,PE,SMART_ZONE_RESISTANCE_REJECTION_CONFIRMATION,23385.95,23462.48,23247.3,23462.48,SL_HIT,LOSS,76.53,-76.53,-1.0
2026-06,2026-06-05,11:00,11:15,CE,SMART_ZONE_SUPPORT_REACTION_CONFIRMATION,23402.3,23336.12,23516.35,23435.39,PROFIT_LOCK_HIT,WIN,66.18,33.09,0.5
2026-06,2026-06-05,12:10,13:20,PE,SMART_ZONE_TREND_CONTINUATION,23425.85,23474.43,23310.84,23316.59,NEAR_TARGET_EXIT,WIN,48.58,109.26,2.249
2026-06,2026-06-05,13:30,14:40,PE,SMART_ZONE_TREND_CONTINUATION,23310.6,23387.11,23100.0,23387.11,SL_HIT,LOSS,76.51,-76.51,-1.0
2026-06,2026-06-09,10:50,11:45,PE,SMART_ZONE_TREND_CONTINUATION,23132.2,23174.61,23000.0,23174.61,SL_HIT,LOSS,42.41,-42.41,-1.0
2026-06,2026-06-11,11:45,13:10,CE,SMART_ZONE_TREND_CONTINUATION,23251.7,23210.0,23342.17,23272.55,PROFIT_LOCK_HIT,WIN,41.7,20.85,0.5
2026-06,2026-06-12,11:15,12:45,CE,SMART_ZONE_TREND_CONTINUATION,23378.05,23317.12,23500.0,23317.12,SL_HIT,LOSS,60.93,-60.93,-1.0
2026-06,2026-06-12,13:00,13:05,PE,SMART_ZONE_TREND_CONTINUATION,23325.3,23334.87,23300.0,23334.87,SL_HIT,LOSS,9.57,-9.57,-1.0
2026-06,2026-06-12,13:40,14:50,CE,SMART_ZONE_BREAK_CONFIRMATION,23461.7,23395.7,23600.0,23600.0,TARGET_HIT,WIN,66.0,138.3,2.095
2026-06,2026-06-16,10:50,11:35,CE,SMART_ZONE_BREAK_CONFIRMATION,23976.35,23921.01,24100.0,23921.01,SL_HIT,LOSS,55.34,-55.34,-1.0
2026-06,2026-06-17,11:15,12:25,CE,SMART_ZONE_TREND_CONTINUATION,24081.7,24037.98,24200.0,24037.98,SL_HIT,LOSS,43.72,-43.72,-1.0
2026-06,2026-06-23,11:40,12:20,PE,SMART_ZONE_TREND_CONTINUATION,24098.35,24172.84,23933.92,23933.92,TARGET_HIT,WIN,74.49,164.43,2.207
2026-06,2026-06-23,12:45,13:05,PE,SMART_ZONE_TREND_CONTINUATION,23948.45,23983.91,23800.0,23930.72,PROFIT_LOCK_HIT,WIN,35.46,17.73,0.5
2026-06,2026-06-23,13:35,15:15,PE,SMART_ZONE_BREAK_CONFIRMATION,23869.95,23935.93,23700.0,23808.15,TIME_EXIT,WIN,65.98,61.8,0.937
2026-06,2026-06-24,13:20,15:15,CE,SMART_ZONE_SUPPORT_REACTION_CONFIRMATION,24046.8,23973.54,24200.0,24010.65,TIME_EXIT,LOSS,73.26,-36.15,-0.493
2026-06,2026-06-29,11:55,13:05,PE,SMART_ZONE_TREND_CONTINUATION,24003.25,24053.73,23900.0,23978.01,PROFIT_LOCK_HIT,WIN,50.48,25.24,0.5
